filename,path
10-1_cam01_assault03_place07_night_spring,01.폭행(assult)/insidedoor_01/10-1
10-1_cam01_assault03_place07_night_summer,01.폭행(assult)/insidedoor_01/10-1
10-1_cam01_assault03_place07_night_winter,01.폭행(assult)/insidedoor_01/10-1
10-1_cam02_assault03_place07_night_spring,01.폭행(assult)/insidedoor_01/10-1
10-1_cam02_assault03_place07_night_summer,01.폭행(assult)/insidedoor_01/10-1
10-1_cam02_assault03_place07_night_winter,01.폭행(assult)/insidedoor_01/10-1
10-1_cam03_assault03_place07_night_spring,01.폭행(assult)/insidedoor_01/10-1
10-1_cam03_assault03_place07_night_summer,01.폭행(assult)/insidedoor_01/10-1
10-1_cam03_assault03_place07_night_winter,01.폭행(assult)/insidedoor_01/10-1
10-2_cam01_assault03_place07_night_spring,01.폭행(assult)/insidedoor_01/10-2
10-2_cam01_assault03_place07_night_summer,01.폭행(assult)/insidedoor_01/10-2
10-2_cam01_assault03_place07_night_winter,01.폭행(assult)/insidedoor_01/10-2
10-2_cam02_assault03_place07_night_spring,01.폭행(assult)/insidedoor_01/10-2
10-2_cam02_assault03_place07_night_summer,01.폭행(assult)/insidedoor_01/10-2
10-2_cam02_assault03_place07_night_winter,01.폭행(assult)/insidedoor_01/10-2
10-2_cam03_assault03_place07_night_spring,01.폭행(assult)/insidedoor_01/10-2
10-2_cam03_assault03_place07_night_summer,01.폭행(assult)/insidedoor_01/10-2
10-2_cam03_assault03_place07_night_winter,01.폭행(assult)/insidedoor_01/10-2
10-3_cam01_assault03_place07_night_spring,01.폭행(assult)/insidedoor_01/10-3
10-3_cam01_assault03_place07_night_summer,01.폭행(assult)/insidedoor_01/10-3
10-3_cam01_assault03_place07_night_winter,01.폭행(assult)/insidedoor_01/10-3
10-3_cam02_assault03_place07_night_spring,01.폭행(assult)/insidedoor_01/10-3
10-3_cam02_assault03_place07_night_summer,01.폭행(assult)/insidedoor_01/10-3
10-3_cam02_assault03_place07_night_winter,01.폭행(assult)/insidedoor_01/10-3
10-3_cam03_assault03_place07_night_spring,01.폭행(assult)/insidedoor_01/10-3
10-3_cam03_assault03_place07_night_summer,01.폭행(assult)/insidedoor_01/10-3
10-3_cam03_assault03_place07_night_winter,01.폭행(assult)/insidedoor_01/10-3
10-4_cam01_assault03_place07_night_winter,01.폭행(assult)/insidedoor_01/10-4
10-4_cam02_assault03_place07_night_winter,01.폭행(assult)/insidedoor_01/10-4
10-4_cam03_assault03_place07_night_winter,01.폭행(assult)/insidedoor_01/10-4
22-2_cam01_assault01_place07_night_spring,01.폭행(assult)/insidedoor_02/22-2
22-2_cam01_assault01_place07_night_summer,01.폭행(assult)/insidedoor_02/22-2
22-2_cam01_assault01_place07_night_winter,01.폭행(assult)/insidedoor_02/22-2
22-2_cam02_assault01_place07_night_spring,01.폭행(assult)/insidedoor_02/22-2
22-2_cam02_assault01_place07_night_summer,01.폭행(assult)/insidedoor_02/22-2
22-2_cam02_assault01_place07_night_winter,01.폭행(assult)/insidedoor_02/22-2
22-2_cam03_assault01_place07_night_spring,01.폭행(assult)/insidedoor_02/22-2
22-2_cam03_assault01_place07_night_summer,01.폭행(assult)/insidedoor_02/22-2
22-2_cam03_assault01_place07_night_winter,01.폭행(assult)/insidedoor_02/22-2
22-3_cam01_assault01_place07_night_spring,01.폭행(assult)/insidedoor_02/22-3
22-3_cam01_assault01_place07_night_summer,01.폭행(assult)/insidedoor_02/22-3
22-3_cam01_assault01_place07_night_winter,01.폭행(assult)/insidedoor_02/22-3
22-3_cam02_assault01_place07_night_spring,01.폭행(assult)/insidedoor_02/22-3
22-3_cam02_assault01_place07_night_summer,01.폭행(assult)/insidedoor_02/22-3
22-3_cam02_assault01_place07_night_winter,01.폭행(assult)/insidedoor_02/22-3
22-3_cam03_assault01_place07_night_spring,01.폭행(assult)/insidedoor_02/22-3
22-3_cam03_assault01_place07_night_summer,01.폭행(assult)/insidedoor_02/22-3
22-3_cam03_assault01_place07_night_winter,01.폭행(assult)/insidedoor_02/22-3
22-4_cam01_assault01_place07_night_spring,01.폭행(assult)/insidedoor_02/22-4
22-4_cam01_assault01_place07_night_summer,01.폭행(assult)/insidedoor_02/22-4
22-4_cam01_assault01_place07_night_winter,01.폭행(assult)/insidedoor_02/22-4
22-4_cam02_assault01_place07_night_spring,01.폭행(assult)/insidedoor_02/22-4
22-4_cam02_assault01_place07_night_summer,01.폭행(assult)/insidedoor_02/22-4
22-4_cam02_assault01_place07_night_winter,01.폭행(assult)/insidedoor_02/22-4
22-4_cam03_assault01_place07_night_spring,01.폭행(assult)/insidedoor_02/22-4
22-4_cam03_assault01_place07_night_summer,01.폭행(assult)/insidedoor_02/22-4
22-4_cam03_assault01_place07_night_winter,01.폭행(assult)/insidedoor_02/22-4
22-5_cam01_assault01_place07_night_spring,01.폭행(assult)/insidedoor_02/22-5
22-5_cam01_assault01_place07_night_summer,01.폭행(assult)/insidedoor_02/22-5
22-5_cam01_assault01_place07_night_winter,01.폭행(assult)/insidedoor_02/22-5
22-5_cam02_assault01_place07_night_spring,01.폭행(assult)/insidedoor_02/22-5
22-5_cam02_assault01_place07_night_summer,01.폭행(assult)/insidedoor_02/22-5
22-5_cam02_assault01_place07_night_winter,01.폭행(assult)/insidedoor_02/22-5
22-5_cam03_assault01_place07_night_spring,01.폭행(assult)/insidedoor_02/22-5
22-5_cam03_assault01_place07_night_summer,01.폭행(assult)/insidedoor_02/22-5
22-5_cam03_assault01_place07_night_winter,01.폭행(assult)/insidedoor_02/22-5
22-6_cam01_assault01_place07_night_spring,01.폭행(assult)/insidedoor_02/22-6
22-6_cam01_assault01_place07_night_summer,01.폭행(assult)/insidedoor_02/22-6
22-6_cam01_assault01_place07_night_winter,01.폭행(assult)/insidedoor_02/22-6
22-6_cam02_assault01_place07_night_spring,01.폭행(assult)/insidedoor_02/22-6
22-6_cam02_assault01_place07_night_summer,01.폭행(assult)/insidedoor_02/22-6
22-6_cam02_assault01_place07_night_winter,01.폭행(assult)/insidedoor_02/22-6
22-6_cam03_assault01_place07_night_spring,01.폭행(assult)/insidedoor_02/22-6
22-6_cam03_assault01_place07_night_summer,01.폭행(assult)/insidedoor_02/22-6
22-6_cam03_assault01_place07_night_winter,01.폭행(assult)/insidedoor_02/22-6
24-2_cam01_assault01_place09_night_spring,01.폭행(assult)/insidedoor_03/24-2
24-2_cam01_assault01_place09_night_summer,01.폭행(assult)/insidedoor_03/24-2
24-2_cam01_assault01_place09_night_winter,01.폭행(assult)/insidedoor_03/24-2
24-2_cam02_assault01_place09_night_spring,01.폭행(assult)/insidedoor_03/24-2
24-2_cam02_assault01_place09_night_summer,01.폭행(assult)/insidedoor_03/24-2
24-2_cam02_assault01_place09_night_winter,01.폭행(assult)/insidedoor_03/24-2
24-2_cam03_assault01_place09_night_spring,01.폭행(assult)/insidedoor_03/24-2
24-2_cam03_assault01_place09_night_summer,01.폭행(assult)/insidedoor_03/24-2
24-2_cam03_assault01_place09_night_winter,01.폭행(assult)/insidedoor_03/24-2
24-3_cam01_assault01_place09_night_spring,01.폭행(assult)/insidedoor_03/24-3
24-3_cam01_assault01_place09_night_summer,01.폭행(assult)/insidedoor_03/24-3
24-3_cam01_assault01_place09_night_winter,01.폭행(assult)/insidedoor_03/24-3
24-3_cam02_assault01_place09_night_spring,01.폭행(assult)/insidedoor_03/24-3
24-3_cam02_assault01_place09_night_summer,01.폭행(assult)/insidedoor_03/24-3
24-3_cam02_assault01_place09_night_winter,01.폭행(assult)/insidedoor_03/24-3
24-3_cam03_assault01_place09_night_spring,01.폭행(assult)/insidedoor_03/24-3
24-3_cam03_assault01_place09_night_summer,01.폭행(assult)/insidedoor_03/24-3
24-3_cam03_assault01_place09_night_winter,01.폭행(assult)/insidedoor_03/24-3
24-4_cam01_assault01_place09_night_spring,01.폭행(assult)/insidedoor_03/24-4
24-4_cam01_assault01_place09_night_summer,01.폭행(assult)/insidedoor_03/24-4
24-4_cam01_assault01_place09_night_winter,01.폭행(assult)/insidedoor_03/24-4
24-4_cam02_assault01_place09_night_spring,01.폭행(assult)/insidedoor_03/24-4
24-4_cam02_assault01_place09_night_summer,01.폭행(assult)/insidedoor_03/24-4
24-4_cam02_assault01_place09_night_winter,01.폭행(assult)/insidedoor_03/24-4
24-4_cam03_assault01_place09_night_spring,01.폭행(assult)/insidedoor_03/24-4
24-4_cam03_assault01_place09_night_summer,01.폭행(assult)/insidedoor_03/24-4
24-4_cam03_assault01_place09_night_winter,01.폭행(assult)/insidedoor_03/24-4
24-5_cam01_assault01_place09_night_spring,01.폭행(assult)/insidedoor_03/24-5
24-5_cam01_assault01_place09_night_summer,01.폭행(assult)/insidedoor_03/24-5
24-5_cam01_assault01_place09_night_winter,01.폭행(assult)/insidedoor_03/24-5
24-5_cam02_assault01_place09_night_spring,01.폭행(assult)/insidedoor_03/24-5
24-5_cam02_assault01_place09_night_summer,01.폭행(assult)/insidedoor_03/24-5
24-5_cam02_assault01_place09_night_winter,01.폭행(assult)/insidedoor_03/24-5
24-5_cam03_assault01_place09_night_spring,01.폭행(assult)/insidedoor_03/24-5
24-5_cam03_assault01_place09_night_summer,01.폭행(assult)/insidedoor_03/24-5
24-5_cam03_assault01_place09_night_winter,01.폭행(assult)/insidedoor_03/24-5
24-6_cam01_assault01_place09_night_spring,01.폭행(assult)/insidedoor_03/24-6
24-6_cam01_assault01_place09_night_summer,01.폭행(assult)/insidedoor_03/24-6
24-6_cam01_assault01_place09_night_winter,01.폭행(assult)/insidedoor_03/24-6
24-6_cam02_assault01_place09_night_spring,01.폭행(assult)/insidedoor_03/24-6
24-6_cam02_assault01_place09_night_summer,01.폭행(assult)/insidedoor_03/24-6
24-6_cam02_assault01_place09_night_winter,01.폭행(assult)/insidedoor_03/24-6
24-6_cam03_assault01_place09_night_spring,01.폭행(assult)/insidedoor_03/24-6
24-6_cam03_assault01_place09_night_summer,01.폭행(assult)/insidedoor_03/24-6
24-6_cam03_assault01_place09_night_winter,01.폭행(assult)/insidedoor_03/24-6
26-2_cam01_assault01_place01_night_spring,01.폭행(assult)/insidedoor_04/26-2
26-2_cam01_assault01_place01_night_summer,01.폭행(assult)/insidedoor_04/26-2
26-2_cam01_assault01_place01_night_winter,01.폭행(assult)/insidedoor_04/26-2
26-2_cam02_assault01_place01_night_spring,01.폭행(assult)/insidedoor_04/26-2
26-2_cam02_assault01_place01_night_summer,01.폭행(assult)/insidedoor_04/26-2
26-2_cam02_assault01_place01_night_winter,01.폭행(assult)/insidedoor_04/26-2
26-2_cam03_assault01_place01_night_spring,01.폭행(assult)/insidedoor_04/26-2
26-2_cam03_assault01_place01_night_summer,01.폭행(assult)/insidedoor_04/26-2
26-2_cam03_assault01_place01_night_winter,01.폭행(assult)/insidedoor_04/26-2
26-3_cam01_assault01_place01_night_spring,01.폭행(assult)/insidedoor_04/26-3
26-3_cam01_assault01_place01_night_summer,01.폭행(assult)/insidedoor_04/26-3
26-3_cam01_assault01_place01_night_winter,01.폭행(assult)/insidedoor_04/26-3
26-3_cam02_assault01_place01_night_spring,01.폭행(assult)/insidedoor_04/26-3
26-3_cam02_assault01_place01_night_summer,01.폭행(assult)/insidedoor_04/26-3
26-3_cam02_assault01_place01_night_winter,01.폭행(assult)/insidedoor_04/26-3
26-3_cam03_assault01_place01_night_spring,01.폭행(assult)/insidedoor_04/26-3
26-3_cam03_assault01_place01_night_summer,01.폭행(assult)/insidedoor_04/26-3
26-3_cam03_assault01_place01_night_winter,01.폭행(assult)/insidedoor_04/26-3
26-4_cam01_assault01_place01_night_spring,01.폭행(assult)/insidedoor_04/26-4
26-4_cam01_assault01_place01_night_summer,01.폭행(assult)/insidedoor_04/26-4
26-4_cam01_assault01_place01_night_winter,01.폭행(assult)/insidedoor_04/26-4
26-4_cam02_assault01_place01_night_spring,01.폭행(assult)/insidedoor_04/26-4
26-4_cam02_assault01_place01_night_summer,01.폭행(assult)/insidedoor_04/26-4
26-4_cam02_assault01_place01_night_winter,01.폭행(assult)/insidedoor_04/26-4
26-4_cam03_assault01_place01_night_spring,01.폭행(assult)/insidedoor_04/26-4
26-4_cam03_assault01_place01_night_summer,01.폭행(assult)/insidedoor_04/26-4
26-4_cam03_assault01_place01_night_winter,01.폭행(assult)/insidedoor_04/26-4
26-5_cam01_assault01_place01_night_spring,01.폭행(assult)/insidedoor_04/26-5
26-5_cam01_assault01_place01_night_summer,01.폭행(assult)/insidedoor_04/26-5
26-5_cam01_assault01_place01_night_winter,01.폭행(assult)/insidedoor_04/26-5
26-5_cam02_assault01_place01_night_spring,01.폭행(assult)/insidedoor_04/26-5
26-5_cam02_assault01_place01_night_summer,01.폭행(assult)/insidedoor_04/26-5
26-5_cam02_assault01_place01_night_winter,01.폭행(assult)/insidedoor_04/26-5
26-5_cam03_assault01_place01_night_spring,01.폭행(assult)/insidedoor_04/26-5
26-5_cam03_assault01_place01_night_summer,01.폭행(assult)/insidedoor_04/26-5
26-5_cam03_assault01_place01_night_winter,01.폭행(assult)/insidedoor_04/26-5
407-2_cam01_assault01_place04_day_spring,01.폭행(assult)/insidedoor_05/407-2
407-2_cam01_assault01_place04_day_summer,01.폭행(assult)/insidedoor_05/407-2
407-2_cam01_assault01_place04_day_winter,01.폭행(assult)/insidedoor_05/407-2
407-2_cam02_assault01_place04_day_spring,01.폭행(assult)/insidedoor_05/407-2
407-2_cam02_assault01_place04_day_summer,01.폭행(assult)/insidedoor_05/407-2
407-2_cam02_assault01_place04_day_winter,01.폭행(assult)/insidedoor_05/407-2
407-2_cam03_assault01_place04_day_spring,01.폭행(assult)/insidedoor_05/407-2
407-2_cam03_assault01_place04_day_summer,01.폭행(assult)/insidedoor_05/407-2
407-2_cam03_assault01_place04_day_winter,01.폭행(assult)/insidedoor_05/407-2
407-3_cam01_assault01_place04_day_spring,01.폭행(assult)/insidedoor_05/407-3
407-3_cam01_assault01_place04_day_summer,01.폭행(assult)/insidedoor_05/407-3
407-3_cam01_assault01_place04_day_winter,01.폭행(assult)/insidedoor_05/407-3
407-3_cam02_assault01_place04_day_spring,01.폭행(assult)/insidedoor_05/407-3
407-3_cam02_assault01_place04_day_summer,01.폭행(assult)/insidedoor_05/407-3
407-3_cam02_assault01_place04_day_winter,01.폭행(assult)/insidedoor_05/407-3
407-3_cam03_assault01_place04_day_spring,01.폭행(assult)/insidedoor_05/407-3
407-3_cam03_assault01_place04_day_summer,01.폭행(assult)/insidedoor_05/407-3
407-3_cam03_assault01_place04_day_winter,01.폭행(assult)/insidedoor_05/407-3
407-4_cam01_assault01_place04_day_spring,01.폭행(assult)/insidedoor_05/407-4
407-4_cam01_assault01_place04_day_summer,01.폭행(assult)/insidedoor_05/407-4
407-4_cam01_assault01_place04_day_winter,01.폭행(assult)/insidedoor_05/407-4
407-4_cam02_assault01_place04_day_spring,01.폭행(assult)/insidedoor_05/407-4
407-4_cam02_assault01_place04_day_summer,01.폭행(assult)/insidedoor_05/407-4
407-4_cam02_assault01_place04_day_winter,01.폭행(assult)/insidedoor_05/407-4
407-4_cam03_assault01_place04_day_spring,01.폭행(assult)/insidedoor_05/407-4
407-4_cam03_assault01_place04_day_summer,01.폭행(assult)/insidedoor_05/407-4
407-4_cam03_assault01_place04_day_winter,01.폭행(assult)/insidedoor_05/407-4
407-6_cam01_assault01_place04_day_spring,01.폭행(assult)/insidedoor_06/407-6
407-6_cam01_assault01_place04_day_summer,01.폭행(assult)/insidedoor_06/407-6
407-6_cam01_assault01_place04_day_winter,01.폭행(assult)/insidedoor_06/407-6
407-6_cam02_assault01_place04_day_spring,01.폭행(assult)/insidedoor_06/407-6
407-6_cam02_assault01_place04_day_summer,01.폭행(assult)/insidedoor_06/407-6
407-6_cam02_assault01_place04_day_winter,01.폭행(assult)/insidedoor_06/407-6
407-6_cam03_assault01_place04_day_spring,01.폭행(assult)/insidedoor_06/407-6
407-6_cam03_assault01_place04_day_summer,01.폭행(assult)/insidedoor_06/407-6
407-6_cam03_assault01_place04_day_winter,01.폭행(assult)/insidedoor_06/407-6
411-2_cam01_assault01_place08_night_spring,01.폭행(assult)/insidedoor_06/411-2
411-2_cam01_assault01_place08_night_summer,01.폭행(assult)/insidedoor_06/411-2
411-2_cam01_assault01_place08_night_winter,01.폭행(assult)/insidedoor_06/411-2
411-2_cam02_assault01_place08_night_spring,01.폭행(assult)/insidedoor_06/411-2
411-2_cam02_assault01_place08_night_summer,01.폭행(assult)/insidedoor_06/411-2
411-2_cam02_assault01_place08_night_winter,01.폭행(assult)/insidedoor_06/411-2
411-2_cam03_assault01_place08_night_spring,01.폭행(assult)/insidedoor_06/411-2
411-2_cam03_assault01_place08_night_summer,01.폭행(assult)/insidedoor_06/411-2
411-2_cam03_assault01_place08_night_winter,01.폭행(assult)/insidedoor_06/411-2
411-3_cam01_assault01_place08_night_spring,01.폭행(assult)/insidedoor_06/411-3
411-3_cam01_assault01_place08_night_summer,01.폭행(assult)/insidedoor_06/411-3
411-3_cam01_assault01_place08_night_winter,01.폭행(assult)/insidedoor_06/411-3
411-3_cam02_assault01_place08_night_spring,01.폭행(assult)/insidedoor_06/411-3
411-3_cam02_assault01_place08_night_summer,01.폭행(assult)/insidedoor_06/411-3
411-3_cam02_assault01_place08_night_winter,01.폭행(assult)/insidedoor_06/411-3
411-3_cam03_assault01_place08_night_spring,01.폭행(assult)/insidedoor_06/411-3
411-3_cam03_assault01_place08_night_summer,01.폭행(assult)/insidedoor_06/411-3
411-3_cam03_assault01_place08_night_winter,01.폭행(assult)/insidedoor_06/411-3
411-4_cam01_assault01_place08_night_spring,01.폭행(assult)/insidedoor_06/411-4
411-4_cam02_assault01_place08_night_spring,01.폭행(assult)/insidedoor_06/411-4
411-4_cam03_assault01_place08_night_spring,01.폭행(assult)/insidedoor_06/411-4
411-4_cam03_assault01_place08_night_summer,01.폭행(assult)/insidedoor_06/411-4
411-5_cam01_assault01_place08_night_spring,01.폭행(assult)/insidedoor_06/411-5
411-5_cam01_assault01_place08_night_summer,01.폭행(assult)/insidedoor_06/411-5
411-5_cam01_assault01_place08_night_winter,01.폭행(assult)/insidedoor_06/411-5
411-5_cam02_assault01_place08_night_spring,01.폭행(assult)/insidedoor_06/411-5
411-5_cam02_assault01_place08_night_summer,01.폭행(assult)/insidedoor_06/411-5
411-5_cam02_assault01_place08_night_winter,01.폭행(assult)/insidedoor_06/411-5
411-5_cam03_assault01_place08_night_spring,01.폭행(assult)/insidedoor_06/411-5
411-5_cam03_assault01_place08_night_summer,01.폭행(assult)/insidedoor_06/411-5
411-5_cam03_assault01_place08_night_winter,01.폭행(assult)/insidedoor_06/411-5
412-1_cam01_assault01_place09_night_spring,01.폭행(assult)/insidedoor_07/412-1
412-1_cam01_assault01_place09_night_summer,01.폭행(assult)/insidedoor_07/412-1
412-1_cam01_assault01_place09_night_winter,01.폭행(assult)/insidedoor_07/412-1
412-1_cam02_assault01_place09_night_spring,01.폭행(assult)/insidedoor_07/412-1
412-1_cam02_assault01_place09_night_summer,01.폭행(assult)/insidedoor_07/412-1
412-1_cam02_assault01_place09_night_winter,01.폭행(assult)/insidedoor_07/412-1
412-1_cam03_assault01_place09_night_spring,01.폭행(assult)/insidedoor_07/412-1
412-1_cam03_assault01_place09_night_summer,01.폭행(assult)/insidedoor_07/412-1
412-1_cam03_assault01_place09_night_winter,01.폭행(assult)/insidedoor_07/412-1
412-2_cam01_assault01_place09_night_spring,01.폭행(assult)/insidedoor_07/412-2
412-2_cam01_assault01_place09_night_summer,01.폭행(assult)/insidedoor_07/412-2
412-2_cam01_assault01_place09_night_winter,01.폭행(assult)/insidedoor_07/412-2
412-2_cam02_assault01_place09_night_spring,01.폭행(assult)/insidedoor_07/412-2
412-2_cam02_assault01_place09_night_summer,01.폭행(assult)/insidedoor_07/412-2
412-2_cam02_assault01_place09_night_winter,01.폭행(assult)/insidedoor_07/412-2
412-2_cam03_assault01_place09_night_spring,01.폭행(assult)/insidedoor_07/412-2
412-2_cam03_assault01_place09_night_summer,01.폭행(assult)/insidedoor_07/412-2
412-2_cam03_assault01_place09_night_winter,01.폭행(assult)/insidedoor_07/412-2
412-3_cam01_assault01_place09_night_spring,01.폭행(assult)/insidedoor_07/412-3
412-3_cam01_assault01_place09_night_summer,01.폭행(assult)/insidedoor_07/412-3
412-3_cam01_assault01_place09_night_winter,01.폭행(assult)/insidedoor_07/412-3
412-3_cam02_assault01_place09_night_spring,01.폭행(assult)/insidedoor_07/412-3
412-3_cam02_assault01_place09_night_summer,01.폭행(assult)/insidedoor_07/412-3
412-3_cam02_assault01_place09_night_winter,01.폭행(assult)/insidedoor_07/412-3
412-3_cam03_assault01_place09_night_spring,01.폭행(assult)/insidedoor_07/412-3
412-3_cam03_assault01_place09_night_summer,01.폭행(assult)/insidedoor_07/412-3
412-3_cam03_assault01_place09_night_winter,01.폭행(assult)/insidedoor_07/412-3
412-4_cam01_assault01_place09_night_spring,01.폭행(assult)/insidedoor_07/412-4
412-4_cam01_assault01_place09_night_summer,01.폭행(assult)/insidedoor_07/412-4
412-4_cam01_assault01_place09_night_winter,01.폭행(assult)/insidedoor_07/412-4
412-4_cam02_assault01_place09_night_spring,01.폭행(assult)/insidedoor_07/412-4
412-4_cam02_assault01_place09_night_summer,01.폭행(assult)/insidedoor_07/412-4
412-4_cam02_assault01_place09_night_winter,01.폭행(assult)/insidedoor_07/412-4
412-4_cam03_assault01_place09_night_spring,01.폭행(assult)/insidedoor_07/412-4
412-4_cam03_assault01_place09_night_summer,01.폭행(assult)/insidedoor_07/412-4
412-4_cam03_assault01_place09_night_winter,01.폭행(assult)/insidedoor_07/412-4
412-6_cam01_assault01_place09_night_spring,01.폭행(assult)/insidedoor_08/412-6
412-6_cam01_assault01_place09_night_summer,01.폭행(assult)/insidedoor_08/412-6
412-6_cam01_assault01_place09_night_winter,01.폭행(assult)/insidedoor_08/412-6
412-6_cam02_assault01_place09_night_spring,01.폭행(assult)/insidedoor_08/412-6
412-6_cam02_assault01_place09_night_summer,01.폭행(assult)/insidedoor_08/412-6
412-6_cam02_assault01_place09_night_winter,01.폭행(assult)/insidedoor_08/412-6
412-6_cam03_assault01_place09_night_spring,01.폭행(assult)/insidedoor_08/412-6
412-6_cam03_assault01_place09_night_summer,01.폭행(assult)/insidedoor_08/412-6
412-6_cam03_assault01_place09_night_winter,01.폭행(assult)/insidedoor_08/412-6
416-1_cam01_assault01_place02_night_spring,01.폭행(assult)/insidedoor_08/416-1
416-1_cam01_assault01_place02_night_summer,01.폭행(assult)/insidedoor_08/416-1
416-1_cam01_assault01_place02_night_winter,01.폭행(assult)/insidedoor_08/416-1
416-1_cam02_assault01_place02_night_spring,01.폭행(assult)/insidedoor_08/416-1
416-1_cam02_assault01_place02_night_summer,01.폭행(assult)/insidedoor_08/416-1
416-1_cam02_assault01_place02_night_winter,01.폭행(assult)/insidedoor_08/416-1
416-1_cam03_assault01_place02_night_spring,01.폭행(assult)/insidedoor_08/416-1
416-1_cam03_assault01_place02_night_summer,01.폭행(assult)/insidedoor_08/416-1
416-1_cam03_assault01_place02_night_winter,01.폭행(assult)/insidedoor_08/416-1
416-2_cam01_assault01_place02_night_spring,01.폭행(assult)/insidedoor_08/416-2
416-2_cam01_assault01_place02_night_summer,01.폭행(assult)/insidedoor_08/416-2
416-2_cam01_assault01_place02_night_winter,01.폭행(assult)/insidedoor_08/416-2
416-2_cam02_assault01_place02_night_spring,01.폭행(assult)/insidedoor_08/416-2
416-2_cam02_assault01_place02_night_summer,01.폭행(assult)/insidedoor_08/416-2
416-2_cam02_assault01_place02_night_winter,01.폭행(assult)/insidedoor_08/416-2
416-2_cam03_assault01_place02_night_spring,01.폭행(assult)/insidedoor_08/416-2
416-2_cam03_assault01_place02_night_summer,01.폭행(assult)/insidedoor_08/416-2
416-2_cam03_assault01_place02_night_winter,01.폭행(assult)/insidedoor_08/416-2
416-3_cam01_assault01_place02_night_spring,01.폭행(assult)/insidedoor_08/416-3
416-3_cam01_assault01_place02_night_summer,01.폭행(assult)/insidedoor_08/416-3
416-3_cam01_assault01_place02_night_winter,01.폭행(assult)/insidedoor_08/416-3
416-3_cam02_assault01_place02_night_spring,01.폭행(assult)/insidedoor_08/416-3
416-3_cam02_assault01_place02_night_summer,01.폭행(assult)/insidedoor_08/416-3
416-3_cam02_assault01_place02_night_winter,01.폭행(assult)/insidedoor_08/416-3
416-3_cam03_assault01_place02_night_spring,01.폭행(assult)/insidedoor_08/416-3
416-3_cam03_assault01_place02_night_summer,01.폭행(assult)/insidedoor_08/416-3
416-3_cam03_assault01_place02_night_winter,01.폭행(assult)/insidedoor_08/416-3
416-5_cam01_assault01_place02_night_spring,01.폭행(assult)/insidedoor_09/416-5
416-5_cam01_assault01_place02_night_summer,01.폭행(assult)/insidedoor_09/416-5
416-5_cam01_assault01_place02_night_winter,01.폭행(assult)/insidedoor_09/416-5
416-5_cam02_assault01_place02_night_spring,01.폭행(assult)/insidedoor_09/416-5
416-5_cam02_assault01_place02_night_summer,01.폭행(assult)/insidedoor_09/416-5
416-5_cam02_assault01_place02_night_winter,01.폭행(assult)/insidedoor_09/416-5
416-5_cam03_assault01_place02_night_spring,01.폭행(assult)/insidedoor_09/416-5
416-5_cam03_assault01_place02_night_summer,01.폭행(assult)/insidedoor_09/416-5
416-5_cam03_assault01_place02_night_winter,01.폭행(assult)/insidedoor_09/416-5
416-6_cam01_assault01_place02_night_spring,01.폭행(assult)/insidedoor_09/416-6
416-6_cam01_assault01_place02_night_summer,01.폭행(assult)/insidedoor_09/416-6
416-6_cam01_assault01_place02_night_winter,01.폭행(assult)/insidedoor_09/416-6
416-6_cam02_assault01_place02_night_spring,01.폭행(assult)/insidedoor_09/416-6
416-6_cam02_assault01_place02_night_summer,01.폭행(assult)/insidedoor_09/416-6
416-6_cam02_assault01_place02_night_winter,01.폭행(assult)/insidedoor_09/416-6
416-6_cam03_assault01_place02_night_spring,01.폭행(assult)/insidedoor_09/416-6
416-6_cam03_assault01_place02_night_summer,01.폭행(assult)/insidedoor_09/416-6
416-6_cam03_assault01_place02_night_winter,01.폭행(assult)/insidedoor_09/416-6
417-1_cam01_assault01_place03_night_spring,01.폭행(assult)/insidedoor_09/417-1
417-1_cam01_assault01_place03_night_summer,01.폭행(assult)/insidedoor_09/417-1
417-1_cam01_assault01_place03_night_winter,01.폭행(assult)/insidedoor_09/417-1
417-1_cam02_assault01_place03_night_spring,01.폭행(assult)/insidedoor_09/417-1
417-1_cam02_assault01_place03_night_summer,01.폭행(assult)/insidedoor_09/417-1
417-1_cam02_assault01_place03_night_winter,01.폭행(assult)/insidedoor_09/417-1
417-1_cam03_assault01_place03_night_spring,01.폭행(assult)/insidedoor_09/417-1
417-1_cam03_assault01_place03_night_summer,01.폭행(assult)/insidedoor_09/417-1
417-1_cam03_assault01_place03_night_winter,01.폭행(assult)/insidedoor_09/417-1
417-2_cam01_assault01_place03_night_spring,01.폭행(assult)/insidedoor_09/417-2
417-2_cam01_assault01_place03_night_summer,01.폭행(assult)/insidedoor_09/417-2
417-2_cam01_assault01_place03_night_winter,01.폭행(assult)/insidedoor_09/417-2
417-2_cam02_assault01_place03_night_spring,01.폭행(assult)/insidedoor_09/417-2
417-2_cam02_assault01_place03_night_summer,01.폭행(assult)/insidedoor_09/417-2
417-2_cam02_assault01_place03_night_winter,01.폭행(assult)/insidedoor_09/417-2
417-2_cam03_assault01_place03_night_spring,01.폭행(assult)/insidedoor_09/417-2
417-2_cam03_assault01_place03_night_summer,01.폭행(assult)/insidedoor_09/417-2
417-2_cam03_assault01_place03_night_winter,01.폭행(assult)/insidedoor_09/417-2
417-3_cam01_assault01_place03_night_spring,01.폭행(assult)/insidedoor_09/417-3
417-3_cam01_assault01_place03_night_summer,01.폭행(assult)/insidedoor_09/417-3
417-3_cam01_assault01_place03_night_winter,01.폭행(assult)/insidedoor_09/417-3
417-3_cam02_assault01_place03_night_spring,01.폭행(assult)/insidedoor_09/417-3
417-3_cam02_assault01_place03_night_summer,01.폭행(assult)/insidedoor_09/417-3
417-3_cam02_assault01_place03_night_winter,01.폭행(assult)/insidedoor_09/417-3
417-3_cam03_assault01_place03_night_spring,01.폭행(assult)/insidedoor_09/417-3
417-3_cam03_assault01_place03_night_summer,01.폭행(assult)/insidedoor_09/417-3
417-3_cam03_assault01_place03_night_winter,01.폭행(assult)/insidedoor_09/417-3
417-4_cam01_assault01_place03_night_spring,01.폭행(assult)/insidedoor_09/417-4
417-4_cam01_assault01_place03_night_summer,01.폭행(assult)/insidedoor_09/417-4
417-4_cam01_assault01_place03_night_winter,01.폭행(assult)/insidedoor_09/417-4
417-4_cam02_assault01_place03_night_spring,01.폭행(assult)/insidedoor_09/417-4
417-4_cam02_assault01_place03_night_summer,01.폭행(assult)/insidedoor_09/417-4
417-4_cam02_assault01_place03_night_winter,01.폭행(assult)/insidedoor_09/417-4
417-4_cam03_assault01_place03_night_spring,01.폭행(assult)/insidedoor_09/417-4
417-4_cam03_assault01_place03_night_summer,01.폭행(assult)/insidedoor_09/417-4
417-4_cam03_assault01_place03_night_winter,01.폭행(assult)/insidedoor_09/417-4
439-4_cam01_assault01_place03_day_spring,01.폭행(assult)/insidedoor_10/439-4
439-4_cam01_assault01_place03_day_summer,01.폭행(assult)/insidedoor_10/439-4
439-4_cam01_assault01_place03_day_winter,01.폭행(assult)/insidedoor_10/439-4
439-4_cam02_assault01_place03_day_spring,01.폭행(assult)/insidedoor_10/439-4
439-4_cam02_assault01_place03_day_summer,01.폭행(assult)/insidedoor_10/439-4
439-4_cam02_assault01_place03_day_winter,01.폭행(assult)/insidedoor_10/439-4
439-4_cam03_assault01_place03_day_spring,01.폭행(assult)/insidedoor_10/439-4
439-4_cam03_assault01_place03_day_summer,01.폭행(assult)/insidedoor_10/439-4
439-4_cam03_assault01_place03_day_winter,01.폭행(assult)/insidedoor_10/439-4
439-5_cam01_assault01_place03_day_spring,01.폭행(assult)/insidedoor_10/439-5
439-5_cam01_assault01_place03_day_summer,01.폭행(assult)/insidedoor_10/439-5
439-5_cam01_assault01_place03_day_winter,01.폭행(assult)/insidedoor_10/439-5
439-5_cam02_assault01_place03_day_spring,01.폭행(assult)/insidedoor_10/439-5
439-5_cam02_assault01_place03_day_summer,01.폭행(assult)/insidedoor_10/439-5
439-5_cam02_assault01_place03_day_winter,01.폭행(assult)/insidedoor_10/439-5
439-5_cam03_assault01_place03_day_spring,01.폭행(assult)/insidedoor_10/439-5
439-5_cam03_assault01_place03_day_summer,01.폭행(assult)/insidedoor_10/439-5
439-5_cam03_assault01_place03_day_winter,01.폭행(assult)/insidedoor_10/439-5
45-3_cam01_assault01_place01_day_spring,01.폭행(assult)/insidedoor_10/45-3
45-3_cam02_assault01_place01_day_spring,01.폭행(assult)/insidedoor_10/45-3
45-3_cam02_assault01_place01_day_winter,01.폭행(assult)/insidedoor_10/45-3
45-4_cam01_assault01_place01_day_spring,01.폭행(assult)/insidedoor_10/45-4
45-4_cam01_assault01_place01_day_summer,01.폭행(assult)/insidedoor_10/45-4
45-4_cam01_assault01_place01_day_winter,01.폭행(assult)/insidedoor_10/45-4
45-4_cam02_assault01_place01_day_spring,01.폭행(assult)/insidedoor_10/45-4
45-4_cam02_assault01_place01_day_summer,01.폭행(assult)/insidedoor_10/45-4
45-4_cam03_assault01_place01_day_spring,01.폭행(assult)/insidedoor_10/45-4
45-4_cam03_assault01_place01_day_summer,01.폭행(assult)/insidedoor_10/45-4
53-1_cam01_assault01_place01_day_spring,01.폭행(assult)/insidedoor_10/45-4/53-1
53-1_cam01_assault01_place01_day_summer,01.폭행(assult)/insidedoor_10/45-4/53-1
53-1_cam01_assault01_place01_day_winter,01.폭행(assult)/insidedoor_10/45-4/53-1
53-1_cam02_assault01_place01_day_spring,01.폭행(assult)/insidedoor_10/45-4/53-1
53-1_cam02_assault01_place01_day_summer,01.폭행(assult)/insidedoor_10/45-4/53-1
53-1_cam02_assault01_place01_day_winter,01.폭행(assult)/insidedoor_10/45-4/53-1
53-1_cam03_assault01_place01_day_spring,01.폭행(assult)/insidedoor_10/45-4/53-1
53-1_cam03_assault01_place01_day_summer,01.폭행(assult)/insidedoor_10/45-4/53-1
53-1_cam03_assault01_place01_day_winter,01.폭행(assult)/insidedoor_10/45-4/53-1
53-1_cam01_assault01_place01_day_spring,01.폭행(assult)/insidedoor_10/53-1
53-1_cam01_assault01_place01_day_summer,01.폭행(assult)/insidedoor_10/53-1
53-1_cam01_assault01_place01_day_winter,01.폭행(assult)/insidedoor_10/53-1
53-1_cam02_assault01_place01_day_spring,01.폭행(assult)/insidedoor_10/53-1
53-1_cam02_assault01_place01_day_summer,01.폭행(assult)/insidedoor_10/53-1
53-1_cam02_assault01_place01_day_winter,01.폭행(assult)/insidedoor_10/53-1
53-1_cam03_assault01_place01_day_spring,01.폭행(assult)/insidedoor_10/53-1
53-1_cam03_assault01_place01_day_summer,01.폭행(assult)/insidedoor_10/53-1
53-1_cam03_assault01_place01_day_winter,01.폭행(assult)/insidedoor_10/53-1
6-1_cam01_assault01_place03_night_spring,01.폭행(assult)/insidedoor_10/6-1
6-1_cam01_assault01_place03_night_summer,01.폭행(assult)/insidedoor_10/6-1
6-1_cam01_assault01_place03_night_winter,01.폭행(assult)/insidedoor_10/6-1
6-1_cam02_assault01_place03_night_spring,01.폭행(assult)/insidedoor_10/6-1
6-1_cam02_assault01_place03_night_summer,01.폭행(assult)/insidedoor_10/6-1
6-1_cam02_assault01_place03_night_winter,01.폭행(assult)/insidedoor_10/6-1
6-1_cam03_assault01_place03_night_spring,01.폭행(assult)/insidedoor_10/6-1
6-1_cam03_assault01_place03_night_summer,01.폭행(assult)/insidedoor_10/6-1
6-1_cam03_assault01_place03_night_winter,01.폭행(assult)/insidedoor_10/6-1
10-1_cam01_assault03_place07_night_spring,01.폭행(assult)/inside_croki_01/10-1
10-1_cam01_assault03_place07_night_summer,01.폭행(assult)/inside_croki_01/10-1
10-1_cam01_assault03_place07_night_winter,01.폭행(assult)/inside_croki_01/10-1
10-1_cam02_assault03_place07_night_spring,01.폭행(assult)/inside_croki_01/10-1
10-1_cam02_assault03_place07_night_summer,01.폭행(assult)/inside_croki_01/10-1
10-1_cam02_assault03_place07_night_winter,01.폭행(assult)/inside_croki_01/10-1
10-1_cam03_assault03_place07_night_spring,01.폭행(assult)/inside_croki_01/10-1
10-1_cam03_assault03_place07_night_summer,01.폭행(assult)/inside_croki_01/10-1
10-1_cam03_assault03_place07_night_winter,01.폭행(assult)/inside_croki_01/10-1
10-2_cam01_assault03_place07_night_spring,01.폭행(assult)/inside_croki_01/10-2
10-2_cam01_assault03_place07_night_summer,01.폭행(assult)/inside_croki_01/10-2
10-2_cam01_assault03_place07_night_winter,01.폭행(assult)/inside_croki_01/10-2
10-2_cam02_assault03_place07_night_spring,01.폭행(assult)/inside_croki_01/10-2
10-2_cam02_assault03_place07_night_summer,01.폭행(assult)/inside_croki_01/10-2
10-2_cam02_assault03_place07_night_winter,01.폭행(assult)/inside_croki_01/10-2
10-2_cam03_assault03_place07_night_spring,01.폭행(assult)/inside_croki_01/10-2
10-2_cam03_assault03_place07_night_summer,01.폭행(assult)/inside_croki_01/10-2
10-2_cam03_assault03_place07_night_winter,01.폭행(assult)/inside_croki_01/10-2
10-3_cam01_assault03_place07_night_spring,01.폭행(assult)/inside_croki_01/10-3
10-3_cam01_assault03_place07_night_summer,01.폭행(assult)/inside_croki_01/10-3
10-3_cam01_assault03_place07_night_winter,01.폭행(assult)/inside_croki_01/10-3
10-3_cam02_assault03_place07_night_spring,01.폭행(assult)/inside_croki_01/10-3
10-3_cam02_assault03_place07_night_summer,01.폭행(assult)/inside_croki_01/10-3
10-3_cam02_assault03_place07_night_winter,01.폭행(assult)/inside_croki_01/10-3
10-3_cam03_assault03_place07_night_spring,01.폭행(assult)/inside_croki_01/10-3
10-3_cam03_assault03_place07_night_summer,01.폭행(assult)/inside_croki_01/10-3
10-3_cam03_assault03_place07_night_winter,01.폭행(assult)/inside_croki_01/10-3
10-4_cam01_assault03_place07_night_winter,01.폭행(assult)/inside_croki_01/10-4
10-4_cam02_assault03_place07_night_winter,01.폭행(assult)/inside_croki_01/10-4
10-4_cam03_assault03_place07_night_winter,01.폭행(assult)/inside_croki_01/10-4
10-5_cam02_assault03_place07_night_spring,01.폭행(assult)/inside_croki_01/10-5
22-2_cam01_assault01_place07_night_spring,01.폭행(assult)/inside_croki_01/22-2
22-2_cam01_assault01_place07_night_summer,01.폭행(assult)/inside_croki_01/22-2
22-2_cam01_assault01_place07_night_winter,01.폭행(assult)/inside_croki_01/22-2
22-2_cam02_assault01_place07_night_spring,01.폭행(assult)/inside_croki_01/22-2
22-2_cam02_assault01_place07_night_summer,01.폭행(assult)/inside_croki_01/22-2
22-2_cam02_assault01_place07_night_winter,01.폭행(assult)/inside_croki_01/22-2
22-2_cam03_assault01_place07_night_spring,01.폭행(assult)/inside_croki_01/22-2
22-2_cam03_assault01_place07_night_summer,01.폭행(assult)/inside_croki_01/22-2
22-2_cam03_assault01_place07_night_winter,01.폭행(assult)/inside_croki_01/22-2
22-3_cam01_assault01_place07_night_spring,01.폭행(assult)/inside_croki_01/22-3
22-3_cam01_assault01_place07_night_summer,01.폭행(assult)/inside_croki_01/22-3
22-3_cam01_assault01_place07_night_winter,01.폭행(assult)/inside_croki_01/22-3
22-3_cam02_assault01_place07_night_spring,01.폭행(assult)/inside_croki_01/22-3
22-3_cam02_assault01_place07_night_summer,01.폭행(assult)/inside_croki_01/22-3
22-3_cam02_assault01_place07_night_winter,01.폭행(assult)/inside_croki_01/22-3
22-3_cam03_assault01_place07_night_spring,01.폭행(assult)/inside_croki_01/22-3
22-3_cam03_assault01_place07_night_summer,01.폭행(assult)/inside_croki_01/22-3
22-3_cam03_assault01_place07_night_winter,01.폭행(assult)/inside_croki_01/22-3
22-4_cam01_assault01_place07_night_spring,01.폭행(assult)/inside_croki_01/22-4
22-4_cam01_assault01_place07_night_summer,01.폭행(assult)/inside_croki_01/22-4
22-4_cam01_assault01_place07_night_winter,01.폭행(assult)/inside_croki_01/22-4
22-4_cam02_assault01_place07_night_spring,01.폭행(assult)/inside_croki_01/22-4
22-4_cam02_assault01_place07_night_summer,01.폭행(assult)/inside_croki_01/22-4
22-4_cam02_assault01_place07_night_winter,01.폭행(assult)/inside_croki_01/22-4
22-4_cam03_assault01_place07_night_spring,01.폭행(assult)/inside_croki_01/22-4
22-4_cam03_assault01_place07_night_summer,01.폭행(assult)/inside_croki_01/22-4
22-4_cam03_assault01_place07_night_winter,01.폭행(assult)/inside_croki_01/22-4
22-5_cam01_assault01_place07_night_spring,01.폭행(assult)/inside_croki_01/22-5
22-5_cam01_assault01_place07_night_summer,01.폭행(assult)/inside_croki_01/22-5
22-5_cam01_assault01_place07_night_winter,01.폭행(assult)/inside_croki_01/22-5
22-5_cam02_assault01_place07_night_spring,01.폭행(assult)/inside_croki_01/22-5
22-5_cam02_assault01_place07_night_summer,01.폭행(assult)/inside_croki_01/22-5
22-5_cam02_assault01_place07_night_winter,01.폭행(assult)/inside_croki_01/22-5
22-5_cam03_assault01_place07_night_spring,01.폭행(assult)/inside_croki_01/22-5
22-5_cam03_assault01_place07_night_summer,01.폭행(assult)/inside_croki_01/22-5
22-5_cam03_assault01_place07_night_winter,01.폭행(assult)/inside_croki_01/22-5
22-6_cam01_assault01_place07_night_spring,01.폭행(assult)/inside_croki_01/22-6
22-6_cam01_assault01_place07_night_summer,01.폭행(assult)/inside_croki_01/22-6
22-6_cam01_assault01_place07_night_winter,01.폭행(assult)/inside_croki_01/22-6
22-6_cam02_assault01_place07_night_spring,01.폭행(assult)/inside_croki_01/22-6
22-6_cam02_assault01_place07_night_summer,01.폭행(assult)/inside_croki_01/22-6
22-6_cam02_assault01_place07_night_winter,01.폭행(assult)/inside_croki_01/22-6
22-6_cam03_assault01_place07_night_spring,01.폭행(assult)/inside_croki_01/22-6
22-6_cam03_assault01_place07_night_summer,01.폭행(assult)/inside_croki_01/22-6
22-6_cam03_assault01_place07_night_winter,01.폭행(assult)/inside_croki_01/22-6
24-1_cam01_assault01_place09_night_spring,01.폭행(assult)/inside_croki_01/24-1
24-1_cam01_assault01_place09_night_winter,01.폭행(assult)/inside_croki_01/24-1
24-1_cam02_assault01_place09_night_spring,01.폭행(assult)/inside_croki_01/24-1
24-1_cam02_assault01_place09_night_summer,01.폭행(assult)/inside_croki_01/24-1
24-1_cam02_assault01_place09_night_winter,01.폭행(assult)/inside_croki_01/24-1
24-1_cam03_assault01_place09_night_spring,01.폭행(assult)/inside_croki_01/24-1
24-1_cam03_assault01_place09_night_summer,01.폭행(assult)/inside_croki_01/24-1
24-1_cam03_assault01_place09_night_winter,01.폭행(assult)/inside_croki_01/24-1
24-2_cam01_assault01_place09_night_spring,01.폭행(assult)/inside_croki_01/24-2
24-2_cam02_assault01_place09_night_spring,01.폭행(assult)/inside_croki_01/24-2
24-2_cam02_assault01_place09_night_summer,01.폭행(assult)/inside_croki_01/24-2
24-2_cam02_assault01_place09_night_winter,01.폭행(assult)/inside_croki_01/24-2
24-2_cam03_assault01_place09_night_spring,01.폭행(assult)/inside_croki_01/24-2
24-2_cam03_assault01_place09_night_summer,01.폭행(assult)/inside_croki_01/24-2
24-2_cam03_assault01_place09_night_winter,01.폭행(assult)/inside_croki_01/24-2
24-3_cam01_assault01_place09_night_spring,01.폭행(assult)/inside_croki_01/24-3
24-3_cam01_assault01_place09_night_summer,01.폭행(assult)/inside_croki_01/24-3
24-3_cam01_assault01_place09_night_winter,01.폭행(assult)/inside_croki_01/24-3
24-3_cam02_assault01_place09_night_summer,01.폭행(assult)/inside_croki_01/24-3
24-3_cam02_assault01_place09_night_winter,01.폭행(assult)/inside_croki_01/24-3
24-3_cam03_assault01_place09_night_spring,01.폭행(assult)/inside_croki_01/24-3
24-3_cam03_assault01_place09_night_summer,01.폭행(assult)/inside_croki_01/24-3
24-3_cam03_assault01_place09_night_winter,01.폭행(assult)/inside_croki_01/24-3
24-4_cam01_assault01_place09_night_spring,01.폭행(assult)/inside_croki_01/24-4
24-4_cam01_assault01_place09_night_summer,01.폭행(assult)/inside_croki_01/24-4
24-4_cam01_assault01_place09_night_winter,01.폭행(assult)/inside_croki_01/24-4
24-4_cam02_assault01_place09_night_spring,01.폭행(assult)/inside_croki_01/24-4
24-4_cam02_assault01_place09_night_summer,01.폭행(assult)/inside_croki_01/24-4
24-4_cam02_assault01_place09_night_winter,01.폭행(assult)/inside_croki_01/24-4
24-4_cam03_assault01_place09_night_spring,01.폭행(assult)/inside_croki_01/24-4
24-4_cam03_assault01_place09_night_summer,01.폭행(assult)/inside_croki_01/24-4
24-4_cam03_assault01_place09_night_winter,01.폭행(assult)/inside_croki_01/24-4
24-5_cam01_assault01_place09_night_spring,01.폭행(assult)/inside_croki_02/24-5
24-5_cam01_assault01_place09_night_summer,01.폭행(assult)/inside_croki_02/24-5
24-5_cam01_assault01_place09_night_winter,01.폭행(assult)/inside_croki_02/24-5
24-5_cam02_assault01_place09_night_spring,01.폭행(assult)/inside_croki_02/24-5
24-5_cam02_assault01_place09_night_summer,01.폭행(assult)/inside_croki_02/24-5
24-5_cam02_assault01_place09_night_winter,01.폭행(assult)/inside_croki_02/24-5
24-5_cam03_assault01_place09_night_spring,01.폭행(assult)/inside_croki_02/24-5
24-5_cam03_assault01_place09_night_summer,01.폭행(assult)/inside_croki_02/24-5
24-5_cam03_assault01_place09_night_winter,01.폭행(assult)/inside_croki_02/24-5
24-6_cam01_assault01_place09_night_spring,01.폭행(assult)/inside_croki_02/24-6
24-6_cam01_assault01_place09_night_summer,01.폭행(assult)/inside_croki_02/24-6
24-6_cam01_assault01_place09_night_winter,01.폭행(assult)/inside_croki_02/24-6
24-6_cam02_assault01_place09_night_spring,01.폭행(assult)/inside_croki_02/24-6
24-6_cam02_assault01_place09_night_summer,01.폭행(assult)/inside_croki_02/24-6
24-6_cam02_assault01_place09_night_winter,01.폭행(assult)/inside_croki_02/24-6
24-6_cam03_assault01_place09_night_spring,01.폭행(assult)/inside_croki_02/24-6
24-6_cam03_assault01_place09_night_summer,01.폭행(assult)/inside_croki_02/24-6
24-6_cam03_assault01_place09_night_winter,01.폭행(assult)/inside_croki_02/24-6
26-1_cam01_assault01_place01_night_spring,01.폭행(assult)/inside_croki_02/26-1
26-1_cam01_assault01_place01_night_summer,01.폭행(assult)/inside_croki_02/26-1
26-1_cam01_assault01_place01_night_winter,01.폭행(assult)/inside_croki_02/26-1
26-1_cam02_assault01_place01_night_spring,01.폭행(assult)/inside_croki_02/26-1
26-1_cam02_assault01_place01_night_summer,01.폭행(assult)/inside_croki_02/26-1
26-1_cam02_assault01_place01_night_winter,01.폭행(assult)/inside_croki_02/26-1
26-1_cam03_assault01_place01_night_spring,01.폭행(assult)/inside_croki_02/26-1
26-1_cam03_assault01_place01_night_summer,01.폭행(assult)/inside_croki_02/26-1
26-1_cam03_assault01_place01_night_winter,01.폭행(assult)/inside_croki_02/26-1
26-2_cam01_assault01_place01_night_spring,01.폭행(assult)/inside_croki_02/26-2
26-2_cam01_assault01_place01_night_summer,01.폭행(assult)/inside_croki_02/26-2
26-2_cam01_assault01_place01_night_winter,01.폭행(assult)/inside_croki_02/26-2
26-2_cam02_assault01_place01_night_spring,01.폭행(assult)/inside_croki_02/26-2
26-2_cam02_assault01_place01_night_summer,01.폭행(assult)/inside_croki_02/26-2
26-2_cam02_assault01_place01_night_winter,01.폭행(assult)/inside_croki_02/26-2
26-2_cam03_assault01_place01_night_spring,01.폭행(assult)/inside_croki_02/26-2
26-2_cam03_assault01_place01_night_summer,01.폭행(assult)/inside_croki_02/26-2
26-2_cam03_assault01_place01_night_winter,01.폭행(assult)/inside_croki_02/26-2
26-3_cam01_assault01_place01_night_spring,01.폭행(assult)/inside_croki_02/26-3
26-3_cam01_assault01_place01_night_summer,01.폭행(assult)/inside_croki_02/26-3
26-3_cam01_assault01_place01_night_winter,01.폭행(assult)/inside_croki_02/26-3
26-3_cam02_assault01_place01_night_spring,01.폭행(assult)/inside_croki_02/26-3
26-3_cam02_assault01_place01_night_summer,01.폭행(assult)/inside_croki_02/26-3
26-3_cam02_assault01_place01_night_winter,01.폭행(assult)/inside_croki_02/26-3
26-3_cam03_assault01_place01_night_spring,01.폭행(assult)/inside_croki_02/26-3
26-3_cam03_assault01_place01_night_summer,01.폭행(assult)/inside_croki_02/26-3
26-3_cam03_assault01_place01_night_winter,01.폭행(assult)/inside_croki_02/26-3
26-4_cam01_assault01_place01_night_spring,01.폭행(assult)/inside_croki_02/26-4
26-4_cam01_assault01_place01_night_winter,01.폭행(assult)/inside_croki_02/26-4
26-4_cam03_assault01_place01_night_spring,01.폭행(assult)/inside_croki_02/26-4
26-5_cam01_assault01_place01_night_spring,01.폭행(assult)/inside_croki_02/26-5
26-5_cam01_assault01_place01_night_summer,01.폭행(assult)/inside_croki_02/26-5
26-5_cam01_assault01_place01_night_winter,01.폭행(assult)/inside_croki_02/26-5
26-5_cam02_assault01_place01_night_spring,01.폭행(assult)/inside_croki_02/26-5
26-5_cam02_assault01_place01_night_summer,01.폭행(assult)/inside_croki_02/26-5
26-5_cam02_assault01_place01_night_winter,01.폭행(assult)/inside_croki_02/26-5
26-5_cam03_assault01_place01_night_spring,01.폭행(assult)/inside_croki_02/26-5
26-5_cam03_assault01_place01_night_summer,01.폭행(assult)/inside_croki_02/26-5
26-5_cam03_assault01_place01_night_winter,01.폭행(assult)/inside_croki_02/26-5
407-1_cam01_assault01_place04_day_spring,01.폭행(assult)/inside_croki_02/407-1
407-1_cam01_assault01_place04_day_summer,01.폭행(assult)/inside_croki_02/407-1
407-1_cam01_assault01_place04_day_winter,01.폭행(assult)/inside_croki_02/407-1
407-1_cam02_assault01_place04_day_spring,01.폭행(assult)/inside_croki_02/407-1
407-1_cam02_assault01_place04_day_summer,01.폭행(assult)/inside_croki_02/407-1
407-1_cam02_assault01_place04_day_winter,01.폭행(assult)/inside_croki_02/407-1
407-1_cam03_assault01_place04_day_spring,01.폭행(assult)/inside_croki_02/407-1
407-1_cam03_assault01_place04_day_summer,01.폭행(assult)/inside_croki_02/407-1
407-1_cam03_assault01_place04_day_winter,01.폭행(assult)/inside_croki_02/407-1
407-2_cam01_assault01_place04_day_spring,01.폭행(assult)/inside_croki_03/407-2
407-2_cam01_assault01_place04_day_summer,01.폭행(assult)/inside_croki_03/407-2
407-2_cam01_assault01_place04_day_winter,01.폭행(assult)/inside_croki_03/407-2
407-2_cam02_assault01_place04_day_spring,01.폭행(assult)/inside_croki_03/407-2
407-2_cam02_assault01_place04_day_summer,01.폭행(assult)/inside_croki_03/407-2
407-2_cam02_assault01_place04_day_winter,01.폭행(assult)/inside_croki_03/407-2
407-2_cam03_assault01_place04_day_spring,01.폭행(assult)/inside_croki_03/407-2
407-2_cam03_assault01_place04_day_summer,01.폭행(assult)/inside_croki_03/407-2
407-2_cam03_assault01_place04_day_winter,01.폭행(assult)/inside_croki_03/407-2
407-3_cam01_assault01_place04_day_spring,01.폭행(assult)/inside_croki_03/407-3
407-3_cam01_assault01_place04_day_summer,01.폭행(assult)/inside_croki_03/407-3
407-3_cam01_assault01_place04_day_winter,01.폭행(assult)/inside_croki_03/407-3
407-3_cam02_assault01_place04_day_spring,01.폭행(assult)/inside_croki_03/407-3
407-3_cam02_assault01_place04_day_summer,01.폭행(assult)/inside_croki_03/407-3
407-3_cam02_assault01_place04_day_winter,01.폭행(assult)/inside_croki_03/407-3
407-3_cam03_assault01_place04_day_spring,01.폭행(assult)/inside_croki_03/407-3
407-3_cam03_assault01_place04_day_summer,01.폭행(assult)/inside_croki_03/407-3
407-3_cam03_assault01_place04_day_winter,01.폭행(assult)/inside_croki_03/407-3
407-4_cam01_assault01_place04_day_spring,01.폭행(assult)/inside_croki_03/407-4
407-4_cam01_assault01_place04_day_summer,01.폭행(assult)/inside_croki_03/407-4
407-4_cam01_assault01_place04_day_winter,01.폭행(assult)/inside_croki_03/407-4
407-4_cam02_assault01_place04_day_spring,01.폭행(assult)/inside_croki_03/407-4
407-4_cam02_assault01_place04_day_summer,01.폭행(assult)/inside_croki_03/407-4
407-4_cam02_assault01_place04_day_winter,01.폭행(assult)/inside_croki_03/407-4
407-4_cam03_assault01_place04_day_spring,01.폭행(assult)/inside_croki_03/407-4
407-4_cam03_assault01_place04_day_summer,01.폭행(assult)/inside_croki_03/407-4
407-4_cam03_assault01_place04_day_winter,01.폭행(assult)/inside_croki_03/407-4
407-5_cam01_assault01_place04_day_spring,01.폭행(assult)/inside_croki_03/407-5
407-5_cam01_assault01_place04_day_summer,01.폭행(assult)/inside_croki_03/407-5
407-5_cam01_assault01_place04_day_winter,01.폭행(assult)/inside_croki_03/407-5
407-5_cam02_assault01_place04_day_spring,01.폭행(assult)/inside_croki_03/407-5
407-5_cam02_assault01_place04_day_summer,01.폭행(assult)/inside_croki_03/407-5
407-5_cam02_assault01_place04_day_winter,01.폭행(assult)/inside_croki_03/407-5
407-5_cam03_assault01_place04_day_spring,01.폭행(assult)/inside_croki_03/407-5
407-5_cam03_assault01_place04_day_summer,01.폭행(assult)/inside_croki_03/407-5
407-5_cam03_assault01_place04_day_winter,01.폭행(assult)/inside_croki_03/407-5
407-6_cam01_assault01_place04_day_spring,01.폭행(assult)/inside_croki_03/407-6
407-6_cam01_assault01_place04_day_summer,01.폭행(assult)/inside_croki_03/407-6
407-6_cam01_assault01_place04_day_winter,01.폭행(assult)/inside_croki_03/407-6
407-6_cam02_assault01_place04_day_spring,01.폭행(assult)/inside_croki_03/407-6
407-6_cam02_assault01_place04_day_summer,01.폭행(assult)/inside_croki_03/407-6
407-6_cam02_assault01_place04_day_winter,01.폭행(assult)/inside_croki_03/407-6
407-6_cam03_assault01_place04_day_spring,01.폭행(assult)/inside_croki_03/407-6
407-6_cam03_assault01_place04_day_summer,01.폭행(assult)/inside_croki_03/407-6
407-6_cam03_assault01_place04_day_winter,01.폭행(assult)/inside_croki_03/407-6
411-2_cam01_assault01_place08_night_spring,01.폭행(assult)/inside_croki_03/411-2
411-2_cam01_assault01_place08_night_summer,01.폭행(assult)/inside_croki_03/411-2
411-2_cam01_assault01_place08_night_winter,01.폭행(assult)/inside_croki_03/411-2
411-2_cam02_assault01_place08_night_spring,01.폭행(assult)/inside_croki_03/411-2
411-2_cam02_assault01_place08_night_summer,01.폭행(assult)/inside_croki_03/411-2
411-2_cam02_assault01_place08_night_winter,01.폭행(assult)/inside_croki_03/411-2
411-2_cam03_assault01_place08_night_spring,01.폭행(assult)/inside_croki_03/411-2
411-2_cam03_assault01_place08_night_summer,01.폭행(assult)/inside_croki_03/411-2
411-2_cam03_assault01_place08_night_winter,01.폭행(assult)/inside_croki_03/411-2
411-3_cam01_assault01_place08_night_spring,01.폭행(assult)/inside_croki_03/411-3
411-3_cam01_assault01_place08_night_summer,01.폭행(assult)/inside_croki_03/411-3
411-3_cam01_assault01_place08_night_winter,01.폭행(assult)/inside_croki_03/411-3
411-3_cam02_assault01_place08_night_spring,01.폭행(assult)/inside_croki_03/411-3
411-3_cam02_assault01_place08_night_summer,01.폭행(assult)/inside_croki_03/411-3
411-3_cam02_assault01_place08_night_winter,01.폭행(assult)/inside_croki_03/411-3
411-3_cam03_assault01_place08_night_spring,01.폭행(assult)/inside_croki_03/411-3
411-3_cam03_assault01_place08_night_summer,01.폭행(assult)/inside_croki_03/411-3
411-3_cam03_assault01_place08_night_winter,01.폭행(assult)/inside_croki_03/411-3
411-4_cam01_assault01_place08_night_spring,01.폭행(assult)/inside_croki_03/411-4
411-4_cam01_assault01_place08_night_summer,01.폭행(assult)/inside_croki_03/411-4
411-4_cam01_assault01_place08_night_winter,01.폭행(assult)/inside_croki_03/411-4
411-4_cam02_assault01_place08_night_spring,01.폭행(assult)/inside_croki_03/411-4
411-4_cam02_assault01_place08_night_summer,01.폭행(assult)/inside_croki_03/411-4
411-4_cam02_assault01_place08_night_winter,01.폭행(assult)/inside_croki_03/411-4
411-4_cam03_assault01_place08_night_spring,01.폭행(assult)/inside_croki_03/411-4
411-4_cam03_assault01_place08_night_summer,01.폭행(assult)/inside_croki_03/411-4
411-4_cam03_assault01_place08_night_winter,01.폭행(assult)/inside_croki_03/411-4
411-5_cam01_assault01_place08_night_spring,01.폭행(assult)/inside_croki_04/411-5
411-5_cam01_assault01_place08_night_summer,01.폭행(assult)/inside_croki_04/411-5
411-5_cam01_assault01_place08_night_winter,01.폭행(assult)/inside_croki_04/411-5
411-5_cam02_assault01_place08_night_spring,01.폭행(assult)/inside_croki_04/411-5
411-5_cam02_assault01_place08_night_summer,01.폭행(assult)/inside_croki_04/411-5
411-5_cam02_assault01_place08_night_winter,01.폭행(assult)/inside_croki_04/411-5
411-5_cam03_assault01_place08_night_spring,01.폭행(assult)/inside_croki_04/411-5
411-5_cam03_assault01_place08_night_summer,01.폭행(assult)/inside_croki_04/411-5
411-5_cam03_assault01_place08_night_winter,01.폭행(assult)/inside_croki_04/411-5
411-6_cam01_assault01_place08_night_spring,01.폭행(assult)/inside_croki_04/411-6
411-6_cam01_assault01_place08_night_summer,01.폭행(assult)/inside_croki_04/411-6
411-6_cam01_assault01_place08_night_winter,01.폭행(assult)/inside_croki_04/411-6
411-6_cam02_assault01_place08_night_spring,01.폭행(assult)/inside_croki_04/411-6
411-6_cam02_assault01_place08_night_summer,01.폭행(assult)/inside_croki_04/411-6
411-6_cam02_assault01_place08_night_winter,01.폭행(assult)/inside_croki_04/411-6
411-6_cam03_assault01_place08_night_spring,01.폭행(assult)/inside_croki_04/411-6
411-6_cam03_assault01_place08_night_summer,01.폭행(assult)/inside_croki_04/411-6
411-6_cam03_assault01_place08_night_winter,01.폭행(assult)/inside_croki_04/411-6
412-1_cam01_assault01_place09_night_spring,01.폭행(assult)/inside_croki_04/412-1
412-1_cam01_assault01_place09_night_summer,01.폭행(assult)/inside_croki_04/412-1
412-1_cam01_assault01_place09_night_winter,01.폭행(assult)/inside_croki_04/412-1
412-1_cam02_assault01_place09_night_spring,01.폭행(assult)/inside_croki_04/412-1
412-1_cam02_assault01_place09_night_summer,01.폭행(assult)/inside_croki_04/412-1
412-1_cam02_assault01_place09_night_winter,01.폭행(assult)/inside_croki_04/412-1
412-1_cam03_assault01_place09_night_spring,01.폭행(assult)/inside_croki_04/412-1
412-1_cam03_assault01_place09_night_summer,01.폭행(assult)/inside_croki_04/412-1
412-1_cam03_assault01_place09_night_winter,01.폭행(assult)/inside_croki_04/412-1
412-2_cam01_assault01_place09_night_spring,01.폭행(assult)/inside_croki_04/412-2
412-2_cam01_assault01_place09_night_summer,01.폭행(assult)/inside_croki_04/412-2
412-2_cam01_assault01_place09_night_winter,01.폭행(assult)/inside_croki_04/412-2
412-2_cam02_assault01_place09_night_spring,01.폭행(assult)/inside_croki_04/412-2
412-2_cam02_assault01_place09_night_summer,01.폭행(assult)/inside_croki_04/412-2
412-2_cam02_assault01_place09_night_winter,01.폭행(assult)/inside_croki_04/412-2
412-2_cam03_assault01_place09_night_spring,01.폭행(assult)/inside_croki_04/412-2
412-2_cam03_assault01_place09_night_summer,01.폭행(assult)/inside_croki_04/412-2
412-2_cam03_assault01_place09_night_winter,01.폭행(assult)/inside_croki_04/412-2
412-3_cam01_assault01_place09_night_spring,01.폭행(assult)/inside_croki_04/412-3
412-3_cam01_assault01_place09_night_summer,01.폭행(assult)/inside_croki_04/412-3
412-3_cam01_assault01_place09_night_winter,01.폭행(assult)/inside_croki_04/412-3
412-3_cam02_assault01_place09_night_spring,01.폭행(assult)/inside_croki_04/412-3
412-3_cam02_assault01_place09_night_summer,01.폭행(assult)/inside_croki_04/412-3
412-3_cam02_assault01_place09_night_winter,01.폭행(assult)/inside_croki_04/412-3
412-3_cam03_assault01_place09_night_spring,01.폭행(assult)/inside_croki_04/412-3
412-3_cam03_assault01_place09_night_summer,01.폭행(assult)/inside_croki_04/412-3
412-3_cam03_assault01_place09_night_winter,01.폭행(assult)/inside_croki_04/412-3
412-4_cam01_assault01_place09_night_spring,01.폭행(assult)/inside_croki_04/412-4
412-4_cam01_assault01_place09_night_summer,01.폭행(assult)/inside_croki_04/412-4
412-4_cam01_assault01_place09_night_winter,01.폭행(assult)/inside_croki_04/412-4
412-4_cam02_assault01_place09_night_spring,01.폭행(assult)/inside_croki_04/412-4
412-4_cam02_assault01_place09_night_summer,01.폭행(assult)/inside_croki_04/412-4
412-4_cam02_assault01_place09_night_winter,01.폭행(assult)/inside_croki_04/412-4
412-4_cam03_assault01_place09_night_spring,01.폭행(assult)/inside_croki_04/412-4
412-4_cam03_assault01_place09_night_summer,01.폭행(assult)/inside_croki_04/412-4
412-4_cam03_assault01_place09_night_winter,01.폭행(assult)/inside_croki_04/412-4
412-5_cam01_assault01_place09_night_spring,01.폭행(assult)/inside_croki_04/412-5
412-5_cam01_assault01_place09_night_summer,01.폭행(assult)/inside_croki_04/412-5
412-5_cam01_assault01_place09_night_winter,01.폭행(assult)/inside_croki_04/412-5
412-5_cam02_assault01_place09_night_spring,01.폭행(assult)/inside_croki_04/412-5
412-5_cam02_assault01_place09_night_summer,01.폭행(assult)/inside_croki_04/412-5
412-5_cam02_assault01_place09_night_winter,01.폭행(assult)/inside_croki_04/412-5
412-5_cam03_assault01_place09_night_spring,01.폭행(assult)/inside_croki_04/412-5
412-5_cam03_assault01_place09_night_summer,01.폭행(assult)/inside_croki_04/412-5
412-5_cam03_assault01_place09_night_winter,01.폭행(assult)/inside_croki_04/412-5
412-6_cam01_assault01_place09_night_spring,01.폭행(assult)/inside_croki_04/412-6
412-6_cam01_assault01_place09_night_summer,01.폭행(assult)/inside_croki_04/412-6
412-6_cam01_assault01_place09_night_winter,01.폭행(assult)/inside_croki_04/412-6
412-6_cam02_assault01_place09_night_spring,01.폭행(assult)/inside_croki_04/412-6
412-6_cam02_assault01_place09_night_summer,01.폭행(assult)/inside_croki_04/412-6
412-6_cam02_assault01_place09_night_winter,01.폭행(assult)/inside_croki_04/412-6
412-6_cam03_assault01_place09_night_spring,01.폭행(assult)/inside_croki_04/412-6
412-6_cam03_assault01_place09_night_summer,01.폭행(assult)/inside_croki_04/412-6
412-6_cam03_assault01_place09_night_winter,01.폭행(assult)/inside_croki_04/412-6
416-1_cam01_assault01_place02_night_spring,01.폭행(assult)/inside_croki_04/416-1
416-1_cam01_assault01_place02_night_summer,01.폭행(assult)/inside_croki_04/416-1
416-1_cam01_assault01_place02_night_winter,01.폭행(assult)/inside_croki_04/416-1
416-1_cam02_assault01_place02_night_spring,01.폭행(assult)/inside_croki_04/416-1
416-1_cam02_assault01_place02_night_summer,01.폭행(assult)/inside_croki_04/416-1
416-1_cam02_assault01_place02_night_winter,01.폭행(assult)/inside_croki_04/416-1
416-1_cam03_assault01_place02_night_spring,01.폭행(assult)/inside_croki_04/416-1
416-1_cam03_assault01_place02_night_summer,01.폭행(assult)/inside_croki_04/416-1
416-1_cam03_assault01_place02_night_winter,01.폭행(assult)/inside_croki_04/416-1
416-2_cam01_assault01_place02_night_spring,01.폭행(assult)/inside_croki_05/416-2
416-2_cam01_assault01_place02_night_summer,01.폭행(assult)/inside_croki_05/416-2
416-2_cam01_assault01_place02_night_winter,01.폭행(assult)/inside_croki_05/416-2
416-2_cam02_assault01_place02_night_spring,01.폭행(assult)/inside_croki_05/416-2
416-2_cam02_assault01_place02_night_summer,01.폭행(assult)/inside_croki_05/416-2
416-2_cam02_assault01_place02_night_winter,01.폭행(assult)/inside_croki_05/416-2
416-2_cam03_assault01_place02_night_spring,01.폭행(assult)/inside_croki_05/416-2
416-2_cam03_assault01_place02_night_summer,01.폭행(assult)/inside_croki_05/416-2
416-2_cam03_assault01_place02_night_winter,01.폭행(assult)/inside_croki_05/416-2
416-3_cam01_assault01_place02_night_spring,01.폭행(assult)/inside_croki_05/416-3
416-3_cam01_assault01_place02_night_summer,01.폭행(assult)/inside_croki_05/416-3
416-3_cam01_assault01_place02_night_winter,01.폭행(assult)/inside_croki_05/416-3
416-3_cam02_assault01_place02_night_spring,01.폭행(assult)/inside_croki_05/416-3
416-3_cam02_assault01_place02_night_summer,01.폭행(assult)/inside_croki_05/416-3
416-3_cam02_assault01_place02_night_winter,01.폭행(assult)/inside_croki_05/416-3
416-3_cam03_assault01_place02_night_spring,01.폭행(assult)/inside_croki_05/416-3
416-3_cam03_assault01_place02_night_summer,01.폭행(assult)/inside_croki_05/416-3
416-3_cam03_assault01_place02_night_winter,01.폭행(assult)/inside_croki_05/416-3
416-4_cam01_assault01_place02_night_spring,01.폭행(assult)/inside_croki_05/416-4
416-4_cam01_assault01_place02_night_summer,01.폭행(assult)/inside_croki_05/416-4
416-4_cam01_assault01_place02_night_winter,01.폭행(assult)/inside_croki_05/416-4
416-4_cam02_assault01_place02_night_spring,01.폭행(assult)/inside_croki_05/416-4
416-4_cam02_assault01_place02_night_summer,01.폭행(assult)/inside_croki_05/416-4
416-4_cam02_assault01_place02_night_winter,01.폭행(assult)/inside_croki_05/416-4
416-4_cam03_assault01_place02_night_spring,01.폭행(assult)/inside_croki_05/416-4
416-4_cam03_assault01_place02_night_summer,01.폭행(assult)/inside_croki_05/416-4
416-4_cam03_assault01_place02_night_winter,01.폭행(assult)/inside_croki_05/416-4
416-5_cam01_assault01_place02_night_spring,01.폭행(assult)/inside_croki_05/416-5
416-5_cam01_assault01_place02_night_summer,01.폭행(assult)/inside_croki_05/416-5
416-5_cam01_assault01_place02_night_winter,01.폭행(assult)/inside_croki_05/416-5
416-5_cam02_assault01_place02_night_spring,01.폭행(assult)/inside_croki_05/416-5
416-5_cam02_assault01_place02_night_summer,01.폭행(assult)/inside_croki_05/416-5
416-5_cam02_assault01_place02_night_winter,01.폭행(assult)/inside_croki_05/416-5
416-5_cam03_assault01_place02_night_spring,01.폭행(assult)/inside_croki_05/416-5
416-5_cam03_assault01_place02_night_summer,01.폭행(assult)/inside_croki_05/416-5
416-5_cam03_assault01_place02_night_winter,01.폭행(assult)/inside_croki_05/416-5
416-6_cam01_assault01_place02_night_spring,01.폭행(assult)/inside_croki_05/416-6
416-6_cam01_assault01_place02_night_summer,01.폭행(assult)/inside_croki_05/416-6
416-6_cam01_assault01_place02_night_winter,01.폭행(assult)/inside_croki_05/416-6
416-6_cam02_assault01_place02_night_spring,01.폭행(assult)/inside_croki_05/416-6
416-6_cam02_assault01_place02_night_summer,01.폭행(assult)/inside_croki_05/416-6
416-6_cam02_assault01_place02_night_winter,01.폭행(assult)/inside_croki_05/416-6
416-6_cam03_assault01_place02_night_spring,01.폭행(assult)/inside_croki_05/416-6
416-6_cam03_assault01_place02_night_summer,01.폭행(assult)/inside_croki_05/416-6
416-6_cam03_assault01_place02_night_winter,01.폭행(assult)/inside_croki_05/416-6
417-1_cam01_assault01_place03_night_spring,01.폭행(assult)/inside_croki_05/417-1
417-1_cam01_assault01_place03_night_summer,01.폭행(assult)/inside_croki_05/417-1
417-1_cam01_assault01_place03_night_winter,01.폭행(assult)/inside_croki_05/417-1
417-1_cam02_assault01_place03_night_spring,01.폭행(assult)/inside_croki_05/417-1
417-1_cam02_assault01_place03_night_summer,01.폭행(assult)/inside_croki_05/417-1
417-1_cam02_assault01_place03_night_winter,01.폭행(assult)/inside_croki_05/417-1
417-1_cam03_assault01_place03_night_spring,01.폭행(assult)/inside_croki_05/417-1
417-1_cam03_assault01_place03_night_summer,01.폭행(assult)/inside_croki_05/417-1
417-1_cam03_assault01_place03_night_winter,01.폭행(assult)/inside_croki_05/417-1
417-2_cam01_assault01_place03_night_spring,01.폭행(assult)/inside_croki_05/417-2
417-2_cam01_assault01_place03_night_summer,01.폭행(assult)/inside_croki_05/417-2
417-2_cam01_assault01_place03_night_winter,01.폭행(assult)/inside_croki_05/417-2
417-2_cam02_assault01_place03_night_spring,01.폭행(assult)/inside_croki_05/417-2
417-2_cam02_assault01_place03_night_summer,01.폭행(assult)/inside_croki_05/417-2
417-2_cam02_assault01_place03_night_winter,01.폭행(assult)/inside_croki_05/417-2
417-2_cam03_assault01_place03_night_spring,01.폭행(assult)/inside_croki_05/417-2
417-2_cam03_assault01_place03_night_summer,01.폭행(assult)/inside_croki_05/417-2
417-2_cam03_assault01_place03_night_winter,01.폭행(assult)/inside_croki_05/417-2
417-3_cam01_assault01_place03_night_spring,01.폭행(assult)/inside_croki_05/417-3
417-3_cam01_assault01_place03_night_summer,01.폭행(assult)/inside_croki_05/417-3
417-3_cam01_assault01_place03_night_winter,01.폭행(assult)/inside_croki_05/417-3
417-3_cam02_assault01_place03_night_spring,01.폭행(assult)/inside_croki_05/417-3
417-3_cam02_assault01_place03_night_summer,01.폭행(assult)/inside_croki_05/417-3
417-3_cam02_assault01_place03_night_winter,01.폭행(assult)/inside_croki_05/417-3
417-3_cam03_assault01_place03_night_spring,01.폭행(assult)/inside_croki_05/417-3
417-3_cam03_assault01_place03_night_summer,01.폭행(assult)/inside_croki_05/417-3
417-3_cam03_assault01_place03_night_winter,01.폭행(assult)/inside_croki_05/417-3
417-4_cam01_assault01_place03_night_spring,01.폭행(assult)/inside_croki_06/417-4
417-4_cam01_assault01_place03_night_summer,01.폭행(assult)/inside_croki_06/417-4
417-4_cam01_assault01_place03_night_winter,01.폭행(assult)/inside_croki_06/417-4
417-4_cam02_assault01_place03_night_spring,01.폭행(assult)/inside_croki_06/417-4
417-4_cam02_assault01_place03_night_summer,01.폭행(assult)/inside_croki_06/417-4
417-4_cam02_assault01_place03_night_winter,01.폭행(assult)/inside_croki_06/417-4
417-4_cam03_assault01_place03_night_spring,01.폭행(assult)/inside_croki_06/417-4
417-4_cam03_assault01_place03_night_summer,01.폭행(assult)/inside_croki_06/417-4
417-4_cam03_assault01_place03_night_winter,01.폭행(assult)/inside_croki_06/417-4
417-5_cam01_assault01_place03_night_spring,01.폭행(assult)/inside_croki_06/417-5
417-5_cam01_assault01_place03_night_summer,01.폭행(assult)/inside_croki_06/417-5
417-5_cam01_assault01_place03_night_winter,01.폭행(assult)/inside_croki_06/417-5
417-5_cam02_assault01_place03_night_spring,01.폭행(assult)/inside_croki_06/417-5
417-5_cam02_assault01_place03_night_summer,01.폭행(assult)/inside_croki_06/417-5
417-5_cam02_assault01_place03_night_winter,01.폭행(assult)/inside_croki_06/417-5
417-5_cam03_assault01_place03_night_spring,01.폭행(assult)/inside_croki_06/417-5
417-5_cam03_assault01_place03_night_summer,01.폭행(assult)/inside_croki_06/417-5
417-5_cam03_assault01_place03_night_winter,01.폭행(assult)/inside_croki_06/417-5
439-4_cam01_assault01_place03_day_spring,01.폭행(assult)/inside_croki_06/439-4
439-4_cam01_assault01_place03_day_summer,01.폭행(assult)/inside_croki_06/439-4
439-4_cam01_assault01_place03_day_winter,01.폭행(assult)/inside_croki_06/439-4
439-4_cam02_assault01_place03_day_spring,01.폭행(assult)/inside_croki_06/439-4
439-4_cam02_assault01_place03_day_summer,01.폭행(assult)/inside_croki_06/439-4
439-4_cam02_assault01_place03_day_winter,01.폭행(assult)/inside_croki_06/439-4
439-4_cam03_assault01_place03_day_spring,01.폭행(assult)/inside_croki_06/439-4
439-4_cam03_assault01_place03_day_summer,01.폭행(assult)/inside_croki_06/439-4
439-4_cam03_assault01_place03_day_winter,01.폭행(assult)/inside_croki_06/439-4
439-5_cam01_assault01_place03_day_spring,01.폭행(assult)/inside_croki_06/439-5
439-5_cam01_assault01_place03_day_summer,01.폭행(assult)/inside_croki_06/439-5
439-5_cam01_assault01_place03_day_winter,01.폭행(assult)/inside_croki_06/439-5
439-5_cam02_assault01_place03_day_spring,01.폭행(assult)/inside_croki_06/439-5
439-5_cam02_assault01_place03_day_summer,01.폭행(assult)/inside_croki_06/439-5
439-5_cam02_assault01_place03_day_winter,01.폭행(assult)/inside_croki_06/439-5
439-5_cam03_assault01_place03_day_spring,01.폭행(assult)/inside_croki_06/439-5
439-5_cam03_assault01_place03_day_summer,01.폭행(assult)/inside_croki_06/439-5
439-5_cam03_assault01_place03_day_winter,01.폭행(assult)/inside_croki_06/439-5
45-3_cam01_assault01_place01_day_spring,01.폭행(assult)/inside_croki_06/45-3
45-3_cam02_assault01_place01_day_spring,01.폭행(assult)/inside_croki_06/45-3
45-3_cam02_assault01_place01_day_winter,01.폭행(assult)/inside_croki_06/45-3
45-4_cam01_assault01_place01_day_spring,01.폭행(assult)/inside_croki_06/45-4
45-4_cam01_assault01_place01_day_summer,01.폭행(assult)/inside_croki_06/45-4
45-4_cam01_assault01_place01_day_winter,01.폭행(assult)/inside_croki_06/45-4
45-4_cam02_assault01_place01_day_spring,01.폭행(assult)/inside_croki_06/45-4
45-4_cam02_assault01_place01_day_summer,01.폭행(assult)/inside_croki_06/45-4
45-4_cam03_assault01_place01_day_spring,01.폭행(assult)/inside_croki_06/45-4
45-4_cam03_assault01_place01_day_summer,01.폭행(assult)/inside_croki_06/45-4
53-1_cam01_assault01_place01_day_spring,01.폭행(assult)/inside_croki_06/53-1
53-1_cam01_assault01_place01_day_summer,01.폭행(assult)/inside_croki_06/53-1
53-1_cam01_assault01_place01_day_winter,01.폭행(assult)/inside_croki_06/53-1
53-1_cam02_assault01_place01_day_spring,01.폭행(assult)/inside_croki_06/53-1
53-1_cam02_assault01_place01_day_summer,01.폭행(assult)/inside_croki_06/53-1
53-1_cam02_assault01_place01_day_winter,01.폭행(assult)/inside_croki_06/53-1
53-1_cam03_assault01_place01_day_spring,01.폭행(assult)/inside_croki_06/53-1
53-1_cam03_assault01_place01_day_summer,01.폭행(assult)/inside_croki_06/53-1
53-1_cam03_assault01_place01_day_winter,01.폭행(assult)/inside_croki_06/53-1
6-1_cam01_assault01_place03_night_spring,01.폭행(assult)/inside_croki_06/6-1
6-1_cam01_assault01_place03_night_summer,01.폭행(assult)/inside_croki_06/6-1
6-1_cam01_assault01_place03_night_winter,01.폭행(assult)/inside_croki_06/6-1
6-1_cam02_assault01_place03_night_spring,01.폭행(assult)/inside_croki_06/6-1
6-1_cam02_assault01_place03_night_summer,01.폭행(assult)/inside_croki_06/6-1
6-1_cam02_assault01_place03_night_winter,01.폭행(assult)/inside_croki_06/6-1
6-1_cam03_assault01_place03_night_spring,01.폭행(assult)/inside_croki_06/6-1
6-1_cam03_assault01_place03_night_summer,01.폭행(assult)/inside_croki_06/6-1
6-1_cam03_assault01_place03_night_winter,01.폭행(assult)/inside_croki_06/6-1
6-2_cam01_assault01_place03_night_spring,01.폭행(assult)/inside_croki_06/6-2
6-2_cam01_assault01_place03_night_summer,01.폭행(assult)/inside_croki_06/6-2
6-2_cam01_assault01_place03_night_winter,01.폭행(assult)/inside_croki_06/6-2
6-2_cam02_assault01_place03_night_spring,01.폭행(assult)/inside_croki_06/6-2
6-2_cam02_assault01_place03_night_winter,01.폭행(assult)/inside_croki_06/6-2
6-2_cam03_assault01_place03_night_spring,01.폭행(assult)/inside_croki_06/6-2
6-2_cam03_assault01_place03_night_summer,01.폭행(assult)/inside_croki_06/6-2
6-2_cam03_assault01_place03_night_winter,01.폭행(assult)/inside_croki_06/6-2
6-3_cam01_assault01_place03_night_spring,01.폭행(assult)/inside_croki_06/6-3
6-3_cam01_assault01_place03_night_summer,01.폭행(assult)/inside_croki_06/6-3
6-3_cam01_assault01_place03_night_winter,01.폭행(assult)/inside_croki_06/6-3
6-3_cam02_assault01_place03_night_spring,01.폭행(assult)/inside_croki_06/6-3
6-3_cam02_assault01_place03_night_summer,01.폭행(assult)/inside_croki_06/6-3
6-3_cam02_assault01_place03_night_winter,01.폭행(assult)/inside_croki_06/6-3
6-3_cam03_assault01_place03_night_spring,01.폭행(assult)/inside_croki_06/6-3
6-3_cam03_assault01_place03_night_summer,01.폭행(assult)/inside_croki_06/6-3
6-3_cam03_assault01_place03_night_winter,01.폭행(assult)/inside_croki_06/6-3
11-2_cam01_assault01_place08_night_spring,01.폭행(assult)/outsidedoor_01/11-2
11-2_cam01_assault01_place08_night_summer,01.폭행(assult)/outsidedoor_01/11-2
11-2_cam02_assault01_place08_night_spring,01.폭행(assult)/outsidedoor_01/11-2
11-2_cam02_assault01_place08_night_summer,01.폭행(assult)/outsidedoor_01/11-2
11-3_cam01_assault01_place08_night_spring,01.폭행(assult)/outsidedoor_01/11-3
11-3_cam02_assault01_place08_night_spring,01.폭행(assult)/outsidedoor_01/11-3
11-4_cam01_assault01_place08_night_spring,01.폭행(assult)/outsidedoor_01/11-4
11-4_cam01_assault01_place08_night_summer,01.폭행(assult)/outsidedoor_01/11-4
11-4_cam02_assault01_place08_night_spring,01.폭행(assult)/outsidedoor_01/11-4
11-4_cam02_assault01_place08_night_summer,01.폭행(assult)/outsidedoor_01/11-4
11-5_cam01_assault01_place08_night_spring,01.폭행(assult)/outsidedoor_01/11-5
11-5_cam01_assault01_place08_night_summer,01.폭행(assult)/outsidedoor_01/11-5
11-5_cam02_assault01_place08_night_spring,01.폭행(assult)/outsidedoor_01/11-5
11-5_cam02_assault01_place08_night_summer,01.폭행(assult)/outsidedoor_01/11-5
11-6_cam01_assault01_place08_night_spring,01.폭행(assult)/outsidedoor_01/11-6
11-6_cam01_assault01_place08_night_summer,01.폭행(assult)/outsidedoor_01/11-6
11-6_cam02_assault01_place08_night_spring,01.폭행(assult)/outsidedoor_01/11-6
11-6_cam02_assault01_place08_night_summer,01.폭행(assult)/outsidedoor_01/11-6
12-1_cam01_assault01_place09_day_spring,01.폭행(assult)/outsidedoor_01/12-1
12-1_cam01_assault01_place09_day_summer,01.폭행(assult)/outsidedoor_01/12-1
12-1_cam02_assault01_place09_day_spring,01.폭행(assult)/outsidedoor_01/12-1
12-1_cam02_assault01_place09_day_summer,01.폭행(assult)/outsidedoor_01/12-1
12-2_cam01_assault01_place09_day_spring,01.폭행(assult)/outsidedoor_01/12-2
12-2_cam01_assault01_place09_day_summer,01.폭행(assult)/outsidedoor_01/12-2
12-2_cam02_assault01_place09_day_spring,01.폭행(assult)/outsidedoor_01/12-2
12-2_cam02_assault01_place09_day_summer,01.폭행(assult)/outsidedoor_01/12-2
12-3_cam01_assault01_place09_day_spring,01.폭행(assult)/outsidedoor_01/12-3
12-3_cam01_assault01_place09_day_summer,01.폭행(assult)/outsidedoor_01/12-3
12-3_cam02_assault01_place09_day_spring,01.폭행(assult)/outsidedoor_01/12-3
12-3_cam02_assault01_place09_day_summer,01.폭행(assult)/outsidedoor_01/12-3
12-4_cam01_assault01_place09_day_spring,01.폭행(assult)/outsidedoor_01/12-4
12-4_cam01_assault01_place09_day_summer,01.폭행(assult)/outsidedoor_01/12-4
12-4_cam02_assault01_place09_day_spring,01.폭행(assult)/outsidedoor_01/12-4
12-4_cam02_assault01_place09_day_summer,01.폭행(assult)/outsidedoor_01/12-4
12-5_cam01_assault01_place09_day_spring,01.폭행(assult)/outsidedoor_01/12-5
12-5_cam01_assault01_place09_day_summer,01.폭행(assult)/outsidedoor_01/12-5
12-5_cam02_assault01_place09_day_spring,01.폭행(assult)/outsidedoor_01/12-5
12-5_cam02_assault01_place09_day_summer,01.폭행(assult)/outsidedoor_01/12-5
12-6_cam01_assault01_place09_day_spring,01.폭행(assult)/outsidedoor_02/12-6
12-6_cam01_assault01_place09_day_summer,01.폭행(assult)/outsidedoor_02/12-6
12-6_cam02_assault01_place09_day_spring,01.폭행(assult)/outsidedoor_02/12-6
12-6_cam02_assault01_place09_day_summer,01.폭행(assult)/outsidedoor_02/12-6
13-1_cam01_assault02_place08_day_spring,01.폭행(assult)/outsidedoor_02/13-1
13-1_cam01_assault02_place08_day_summer,01.폭행(assult)/outsidedoor_02/13-1
13-1_cam02_assault02_place08_day_spring,01.폭행(assult)/outsidedoor_02/13-1
13-1_cam02_assault02_place08_day_summer,01.폭행(assult)/outsidedoor_02/13-1
13-2_cam01_assault02_place08_day_spring,01.폭행(assult)/outsidedoor_02/13-2
13-2_cam01_assault02_place08_day_summer,01.폭행(assult)/outsidedoor_02/13-2
13-2_cam02_assault02_place08_day_spring,01.폭행(assult)/outsidedoor_02/13-2
13-2_cam02_assault02_place08_day_summer,01.폭행(assult)/outsidedoor_02/13-2
13-3_cam01_assault02_place08_day_spring,01.폭행(assult)/outsidedoor_02/13-3
13-3_cam01_assault02_place08_day_summer,01.폭행(assult)/outsidedoor_02/13-3
13-3_cam02_assault02_place08_day_spring,01.폭행(assult)/outsidedoor_02/13-3
13-3_cam02_assault02_place08_day_summer,01.폭행(assult)/outsidedoor_02/13-3
13-4_cam01_assault02_place08_day_spring,01.폭행(assult)/outsidedoor_02/13-4
13-4_cam01_assault02_place08_day_summer,01.폭행(assult)/outsidedoor_02/13-4
13-4_cam02_assault02_place08_day_spring,01.폭행(assult)/outsidedoor_02/13-4
13-4_cam02_assault02_place08_day_summer,01.폭행(assult)/outsidedoor_02/13-4
13-5_cam01_assault02_place08_day_spring,01.폭행(assult)/outsidedoor_02/13-5
13-5_cam01_assault02_place08_day_summer,01.폭행(assult)/outsidedoor_02/13-5
13-5_cam02_assault02_place08_day_spring,01.폭행(assult)/outsidedoor_02/13-5
13-5_cam02_assault02_place08_day_summer,01.폭행(assult)/outsidedoor_02/13-5
13-6_cam01_assault02_place08_day_spring,01.폭행(assult)/outsidedoor_02/13-6
13-6_cam01_assault02_place08_day_summer,01.폭행(assult)/outsidedoor_02/13-6
13-6_cam02_assault02_place08_day_spring,01.폭행(assult)/outsidedoor_02/13-6
13-6_cam02_assault02_place08_day_summer,01.폭행(assult)/outsidedoor_02/13-6
14-4_cam01_assault02_place06_night_summer,01.폭행(assult)/outsidedoor_02/14-4
16-1_cam01_assault01_place02_night_spring,01.폭행(assult)/outsidedoor_02/16-1
16-1_cam01_assault01_place02_night_summer,01.폭행(assult)/outsidedoor_02/16-1
16-1_cam02_assault01_place02_night_spring,01.폭행(assult)/outsidedoor_02/16-1
16-1_cam02_assault01_place02_night_summer,01.폭행(assult)/outsidedoor_02/16-1
16-2_cam01_assault01_place02_night_spring,01.폭행(assult)/outsidedoor_02/16-2
16-2_cam01_assault01_place02_night_summer,01.폭행(assult)/outsidedoor_02/16-2
16-2_cam02_assault01_place02_night_spring,01.폭행(assult)/outsidedoor_02/16-2
16-2_cam02_assault01_place02_night_summer,01.폭행(assult)/outsidedoor_02/16-2
16-3_cam01_assault01_place02_night_spring,01.폭행(assult)/outsidedoor_03/16-3
16-3_cam01_assault01_place02_night_summer,01.폭행(assult)/outsidedoor_03/16-3
16-3_cam02_assault01_place02_night_spring,01.폭행(assult)/outsidedoor_03/16-3
16-3_cam02_assault01_place02_night_summer,01.폭행(assult)/outsidedoor_03/16-3
16-4_cam01_assault01_place02_night_summer,01.폭행(assult)/outsidedoor_03/16-4
16-4_cam02_assault01_place02_night_spring,01.폭행(assult)/outsidedoor_03/16-4
16-4_cam02_assault01_place02_night_summer,01.폭행(assult)/outsidedoor_03/16-4
16-5_cam01_assault01_place02_night_spring,01.폭행(assult)/outsidedoor_03/16-5
16-5_cam01_assault01_place02_night_summer,01.폭행(assult)/outsidedoor_03/16-5
16-5_cam02_assault01_place02_night_spring,01.폭행(assult)/outsidedoor_03/16-5
16-5_cam02_assault01_place02_night_summer,01.폭행(assult)/outsidedoor_03/16-5
16-6_cam01_assault01_place02_night_spring,01.폭행(assult)/outsidedoor_03/16-6
16-6_cam01_assault01_place02_night_summer,01.폭행(assult)/outsidedoor_03/16-6
16-6_cam02_assault01_place02_night_spring,01.폭행(assult)/outsidedoor_03/16-6
16-6_cam02_assault01_place02_night_summer,01.폭행(assult)/outsidedoor_03/16-6
17-1_cam01_assault03_place03_night_spring,01.폭행(assult)/outsidedoor_03/17-1
17-1_cam01_assault03_place03_night_summer,01.폭행(assult)/outsidedoor_03/17-1
17-1_cam02_assault03_place03_night_spring,01.폭행(assult)/outsidedoor_03/17-1
17-1_cam02_assault03_place03_night_summer,01.폭행(assult)/outsidedoor_03/17-1
17-2_cam01_assault03_place03_night_spring,01.폭행(assult)/outsidedoor_03/17-2
17-2_cam01_assault03_place03_night_summer,01.폭행(assult)/outsidedoor_03/17-2
17-2_cam02_assault03_place03_night_spring,01.폭행(assult)/outsidedoor_03/17-2
17-2_cam02_assault03_place03_night_summer,01.폭행(assult)/outsidedoor_03/17-2
17-3_cam01_assault03_place03_night_spring,01.폭행(assult)/outsidedoor_03/17-3
17-3_cam01_assault03_place03_night_summer,01.폭행(assult)/outsidedoor_03/17-3
17-3_cam02_assault03_place03_night_summer,01.폭행(assult)/outsidedoor_03/17-3
17-4_cam01_assault03_place03_night_spring,01.폭행(assult)/outsidedoor_03/17-4
17-4_cam01_assault03_place03_night_summer,01.폭행(assult)/outsidedoor_03/17-4
17-4_cam02_assault03_place03_night_spring,01.폭행(assult)/outsidedoor_03/17-4
17-4_cam02_assault03_place03_night_summer,01.폭행(assult)/outsidedoor_03/17-4
17-5_cam01_assault03_place03_night_spring,01.폭행(assult)/outsidedoor_03/17-5
17-5_cam01_assault03_place03_night_summer,01.폭행(assult)/outsidedoor_03/17-5
17-5_cam02_assault03_place03_night_spring,01.폭행(assult)/outsidedoor_03/17-5
17-5_cam02_assault03_place03_night_summer,01.폭행(assult)/outsidedoor_03/17-5
17-6_cam01_assault03_place03_night_spring,01.폭행(assult)/outsidedoor_03/17-6
17-6_cam01_assault03_place03_night_summer,01.폭행(assult)/outsidedoor_03/17-6
17-6_cam02_assault03_place03_night_spring,01.폭행(assult)/outsidedoor_03/17-6
17-6_cam02_assault03_place03_night_summer,01.폭행(assult)/outsidedoor_03/17-6
18-1_cam01_assault04_place02_night_spring,01.폭행(assult)/outsidedoor_04/18-1
18-1_cam01_assault04_place02_night_summer,01.폭행(assult)/outsidedoor_04/18-1
18-1_cam02_assault04_place02_night_spring,01.폭행(assult)/outsidedoor_04/18-1
18-1_cam02_assault04_place02_night_summer,01.폭행(assult)/outsidedoor_04/18-1
18-3_cam01_assault04_place02_night_spring,01.폭행(assult)/outsidedoor_04/18-3
18-3_cam01_assault04_place02_night_summer,01.폭행(assult)/outsidedoor_04/18-3
18-3_cam02_assault04_place02_night_spring,01.폭행(assult)/outsidedoor_04/18-3
18-3_cam02_assault04_place02_night_summer,01.폭행(assult)/outsidedoor_04/18-3
18-5_cam01_assault04_place02_night_spring,01.폭행(assult)/outsidedoor_04/18-5
18-5_cam01_assault04_place02_night_summer,01.폭행(assult)/outsidedoor_04/18-5
18-5_cam02_assault04_place02_night_spring,01.폭행(assult)/outsidedoor_04/18-5
18-5_cam02_assault04_place02_night_summer,01.폭행(assult)/outsidedoor_04/18-5
18-6_cam01_assault04_place02_night_spring,01.폭행(assult)/outsidedoor_04/18-6
18-6_cam01_assault04_place02_night_summer,01.폭행(assult)/outsidedoor_04/18-6
18-6_cam02_assault04_place02_night_spring,01.폭행(assult)/outsidedoor_04/18-6
18-6_cam02_assault04_place02_night_summer,01.폭행(assult)/outsidedoor_04/18-6
180-3_cam01_assault01_place09_day_spring,01.폭행(assult)/outsidedoor_04/180-3
180-3_cam01_assault01_place09_day_summer,01.폭행(assult)/outsidedoor_04/180-3
180-3_cam02_assault01_place09_day_spring,01.폭행(assult)/outsidedoor_04/180-3
180-3_cam02_assault01_place09_day_summer,01.폭행(assult)/outsidedoor_04/180-3
180-6_cam01_assault01_place09_day_spring,01.폭행(assult)/outsidedoor_04/180-6
180-6_cam01_assault01_place09_day_summer,01.폭행(assult)/outsidedoor_04/180-6
180-6_cam02_assault01_place09_day_spring,01.폭행(assult)/outsidedoor_04/180-6
180-6_cam02_assault01_place09_day_summer,01.폭행(assult)/outsidedoor_04/180-6
19-3_cam01_assault01_place04_night_spring,01.폭행(assult)/outsidedoor_04/19-3
19-5_cam01_assault01_place04_night_summer,01.폭행(assult)/outsidedoor_04/19-5
19-5_cam02_assault01_place04_night_spring,01.폭행(assult)/outsidedoor_04/19-5
19-5_cam02_assault01_place04_night_summer,01.폭행(assult)/outsidedoor_04/19-5
19-6_cam01_assault01_place04_night_spring,01.폭행(assult)/outsidedoor_04/19-6
19-6_cam02_assault01_place04_night_spring,01.폭행(assult)/outsidedoor_04/19-6
19-6_cam02_assault01_place04_night_summer,01.폭행(assult)/outsidedoor_04/19-6
2-1_cam01_assault01_place04_night_spring,01.폭행(assult)/outsidedoor_04/2-1
2-1_cam01_assault01_place04_night_summer,01.폭행(assult)/outsidedoor_04/2-1
2-1_cam02_assault01_place04_night_spring,01.폭행(assult)/outsidedoor_04/2-1
2-1_cam02_assault01_place04_night_summer,01.폭행(assult)/outsidedoor_04/2-1
2-2_cam01_assault01_place04_night_spring,01.폭행(assult)/outsidedoor_05/2-2
2-2_cam01_assault01_place04_night_summer,01.폭행(assult)/outsidedoor_05/2-2
2-2_cam02_assault01_place04_night_spring,01.폭행(assult)/outsidedoor_05/2-2
2-2_cam02_assault01_place04_night_summer,01.폭행(assult)/outsidedoor_05/2-2
2-3_cam01_assault01_place04_night_spring,01.폭행(assult)/outsidedoor_05/2-3
2-3_cam01_assault01_place04_night_summer,01.폭행(assult)/outsidedoor_05/2-3
2-3_cam02_assault01_place04_night_spring,01.폭행(assult)/outsidedoor_05/2-3
2-3_cam02_assault01_place04_night_summer,01.폭행(assult)/outsidedoor_05/2-3
2-4_cam01_assault01_place04_night_spring,01.폭행(assult)/outsidedoor_05/2-4
2-4_cam01_assault01_place04_night_summer,01.폭행(assult)/outsidedoor_05/2-4
2-4_cam02_assault01_place04_night_spring,01.폭행(assult)/outsidedoor_05/2-4
2-4_cam02_assault01_place04_night_summer,01.폭행(assult)/outsidedoor_05/2-4
2-5_cam01_assault01_place04_night_spring,01.폭행(assult)/outsidedoor_05/2-5
2-5_cam01_assault01_place04_night_summer,01.폭행(assult)/outsidedoor_05/2-5
2-5_cam02_assault01_place04_night_spring,01.폭행(assult)/outsidedoor_05/2-5
2-5_cam02_assault01_place04_night_summer,01.폭행(assult)/outsidedoor_05/2-5
2-6_cam01_assault01_place04_night_spring,01.폭행(assult)/outsidedoor_05/2-6
2-6_cam02_assault01_place04_night_spring,01.폭행(assult)/outsidedoor_05/2-6
2-6_cam02_assault01_place04_night_summer,01.폭행(assult)/outsidedoor_05/2-6
20-3_cam02_assault01_place02_night_spring,01.폭행(assult)/outsidedoor_05/20-3
20-3_cam02_assault01_place02_night_summer,01.폭행(assult)/outsidedoor_05/20-3
20-4_cam01_assault01_place02_night_spring,01.폭행(assult)/outsidedoor_05/20-4
20-4_cam01_assault01_place02_night_summer,01.폭행(assult)/outsidedoor_05/20-4
20-4_cam02_assault01_place02_night_spring,01.폭행(assult)/outsidedoor_05/20-4
21-1_cam01_assault01_place09_day_spring,01.폭행(assult)/outsidedoor_05/21-1
21-1_cam01_assault01_place09_day_summer,01.폭행(assult)/outsidedoor_05/21-1
21-1_cam02_assault01_place09_day_spring,01.폭행(assult)/outsidedoor_05/21-1
21-1_cam02_assault01_place09_day_summer,01.폭행(assult)/outsidedoor_05/21-1
21-2_cam01_assault01_place09_day_spring,01.폭행(assult)/outsidedoor_05/21-2
21-2_cam01_assault01_place09_day_summer,01.폭행(assult)/outsidedoor_05/21-2
21-2_cam02_assault01_place09_day_spring,01.폭행(assult)/outsidedoor_05/21-2
21-2_cam02_assault01_place09_day_summer,01.폭행(assult)/outsidedoor_05/21-2
21-3_cam01_assault01_place09_day_spring,01.폭행(assult)/outsidedoor_05/21-3
21-3_cam01_assault01_place09_day_summer,01.폭행(assult)/outsidedoor_05/21-3
21-3_cam02_assault01_place09_day_summer,01.폭행(assult)/outsidedoor_05/21-3
21-4_cam01_assault01_place09_day_summer,01.폭행(assult)/outsidedoor_05/21-4
21-4_cam02_assault01_place09_day_spring,01.폭행(assult)/outsidedoor_05/21-4
21-5_cam01_assault01_place09_day_spring,01.폭행(assult)/outsidedoor_05/21-5
21-6_cam02_assault01_place09_day_spring,01.폭행(assult)/outsidedoor_05/21-6
23-1_cam01_assault01_place02_night_spring,01.폭행(assult)/outsidedoor_06/23-1
23-1_cam01_assault01_place02_night_summer,01.폭행(assult)/outsidedoor_06/23-1
23-1_cam02_assault01_place02_night_spring,01.폭행(assult)/outsidedoor_06/23-1
23-1_cam02_assault01_place02_night_summer,01.폭행(assult)/outsidedoor_06/23-1
23-2_cam01_assault01_place02_night_spring,01.폭행(assult)/outsidedoor_06/23-2
23-2_cam01_assault01_place02_night_summer,01.폭행(assult)/outsidedoor_06/23-2
23-2_cam02_assault01_place02_night_spring,01.폭행(assult)/outsidedoor_06/23-2
23-2_cam02_assault01_place02_night_summer,01.폭행(assult)/outsidedoor_06/23-2
23-3_cam01_assault01_place02_night_spring,01.폭행(assult)/outsidedoor_06/23-3
23-3_cam01_assault01_place02_night_summer,01.폭행(assult)/outsidedoor_06/23-3
23-3_cam02_assault01_place02_night_spring,01.폭행(assult)/outsidedoor_06/23-3
23-3_cam02_assault01_place02_night_summer,01.폭행(assult)/outsidedoor_06/23-3
23-4_cam01_assault01_place02_night_summer,01.폭행(assult)/outsidedoor_06/23-4
23-4_cam02_assault01_place02_night_summer,01.폭행(assult)/outsidedoor_06/23-4
23-6_cam01_assault01_place02_night_spring,01.폭행(assult)/outsidedoor_06/23-6
23-6_cam02_assault01_place02_night_spring,01.폭행(assult)/outsidedoor_06/23-6
25-1_cam01_assault01_place02_night_spring,01.폭행(assult)/outsidedoor_06/25-1
25-1_cam01_assault01_place02_night_summer,01.폭행(assult)/outsidedoor_06/25-1
25-1_cam02_assault01_place02_night_spring,01.폭행(assult)/outsidedoor_06/25-1
25-1_cam02_assault01_place02_night_summer,01.폭행(assult)/outsidedoor_06/25-1
21-2_cam01_assault01_place09_day_spring,01.폭행(assult)/outsidedoor_06/25-2
21-2_cam01_assault01_place09_day_summer,01.폭행(assult)/outsidedoor_06/25-2
21-2_cam02_assault01_place09_day_spring,01.폭행(assult)/outsidedoor_06/25-2
21-2_cam02_assault01_place09_day_summer,01.폭행(assult)/outsidedoor_06/25-2
25-2_cam01_assault01_place02_night_spring,01.폭행(assult)/outsidedoor_06/25-2
25-2_cam01_assault01_place02_night_summer,01.폭행(assult)/outsidedoor_06/25-2
25-2_cam02_assault01_place02_night_spring,01.폭행(assult)/outsidedoor_06/25-2
25-2_cam02_assault01_place02_night_summer,01.폭행(assult)/outsidedoor_06/25-2
25-3_cam01_assault01_place02_night_spring,01.폭행(assult)/outsidedoor_06/25-3
25-3_cam01_assault01_place02_night_summer,01.폭행(assult)/outsidedoor_06/25-3
25-3_cam02_assault01_place02_night_spring,01.폭행(assult)/outsidedoor_06/25-3
25-3_cam02_assault01_place02_night_summer,01.폭행(assult)/outsidedoor_06/25-3
25-4_cam01_assault01_place02_night_spring,01.폭행(assult)/outsidedoor_06/25-4
25-4_cam01_assault01_place02_night_summer,01.폭행(assult)/outsidedoor_06/25-4
25-4_cam02_assault01_place02_night_spring,01.폭행(assult)/outsidedoor_06/25-4
25-4_cam02_assault01_place02_night_summer,01.폭행(assult)/outsidedoor_06/25-4
25-5_cam01_assault01_place02_night_summer,01.폭행(assult)/outsidedoor_06/25-5
25-5_cam02_assault01_place02_night_spring,01.폭행(assult)/outsidedoor_06/25-5
29-1_cam01_assault01_place01_day_spring,01.폭행(assult)/outsidedoor_06/29-1
30-1_cam01_assault03_place02_night_summer,01.폭행(assult)/outsidedoor_07/30-1
30-3_cam01_assault03_place02_night_summer,01.폭행(assult)/outsidedoor_07/30-3
30-3_cam02_assault03_place02_night_summer,01.폭행(assult)/outsidedoor_07/30-3
33-4_cam02_assault01_place02_night_summer,01.폭행(assult)/outsidedoor_07/33-4
4-1_cam01_assault01_place01_day_spring,01.폭행(assult)/outsidedoor_07/4-1
4-1_cam01_assault01_place01_day_summer,01.폭행(assult)/outsidedoor_07/4-1
4-1_cam02_assault01_place01_day_spring,01.폭행(assult)/outsidedoor_07/4-1
4-1_cam02_assault01_place01_day_summer,01.폭행(assult)/outsidedoor_07/4-1
4-2_cam01_assault01_place01_day_spring,01.폭행(assult)/outsidedoor_07/4-2
4-2_cam01_assault01_place01_day_summer,01.폭행(assult)/outsidedoor_07/4-2
4-2_cam02_assault01_place01_day_spring,01.폭행(assult)/outsidedoor_07/4-2
4-2_cam02_assault01_place01_day_summer,01.폭행(assult)/outsidedoor_07/4-2
4-3_cam01_assault01_place01_day_spring,01.폭행(assult)/outsidedoor_07/4-3
4-3_cam01_assault01_place01_day_summer,01.폭행(assult)/outsidedoor_07/4-3
4-3_cam02_assault01_place01_day_spring,01.폭행(assult)/outsidedoor_07/4-3
4-3_cam02_assault01_place01_day_summer,01.폭행(assult)/outsidedoor_07/4-3
4-4_cam01_assault01_place01_day_spring,01.폭행(assult)/outsidedoor_07/4-4
4-4_cam01_assault01_place01_day_summer,01.폭행(assult)/outsidedoor_07/4-4
4-4_cam02_assault01_place01_day_spring,01.폭행(assult)/outsidedoor_07/4-4
4-4_cam02_assault01_place01_day_summer,01.폭행(assult)/outsidedoor_07/4-4
4-5_cam01_assault01_place01_day_spring,01.폭행(assult)/outsidedoor_07/4-5
4-5_cam01_assault01_place01_day_summer,01.폭행(assult)/outsidedoor_07/4-5
4-5_cam02_assault01_place01_day_summer,01.폭행(assult)/outsidedoor_07/4-5
4-6_cam01_assault01_place01_day_spring,01.폭행(assult)/outsidedoor_07/4-6
4-6_cam01_assault01_place01_day_summer,01.폭행(assult)/outsidedoor_07/4-6
4-6_cam02_assault01_place01_day_spring,01.폭행(assult)/outsidedoor_07/4-6
4-6_cam02_assault01_place01_day_summer,01.폭행(assult)/outsidedoor_07/4-6
40-4_cam01_assault01_place01_night_summer,01.폭행(assult)/outsidedoor_07/40-4
406-1_cam01_assault01_place03_day_summer,01.폭행(assult)/outsidedoor_07/406-1
406-1_cam02_assault01_place03_day_spring,01.폭행(assult)/outsidedoor_07/406-1
406-1_cam02_assault01_place03_day_summer,01.폭행(assult)/outsidedoor_07/406-1
406-2_cam02_assault01_place03_day_summer,01.폭행(assult)/outsidedoor_07/406-2
406-3_cam02_assault01_place03_day_spring,01.폭행(assult)/outsidedoor_07/406-3
406-3_cam02_assault01_place03_day_summer,01.폭행(assult)/outsidedoor_07/406-3
406-4_cam01_assault01_place03_day_spring,01.폭행(assult)/outsidedoor_07/406-4
406-4_cam02_assault01_place03_day_summer,01.폭행(assult)/outsidedoor_07/406-4
406-5_cam01_assault01_place03_day_spring,01.폭행(assult)/outsidedoor_08/406-5
406-5_cam01_assault01_place03_day_summer,01.폭행(assult)/outsidedoor_08/406-5
406-5_cam02_assault01_place03_day_spring,01.폭행(assult)/outsidedoor_08/406-5
406-5_cam02_assault01_place03_day_summer,01.폭행(assult)/outsidedoor_08/406-5
406-6_cam01_assault01_place03_day_spring,01.폭행(assult)/outsidedoor_08/406-6
406-6_cam01_assault01_place03_day_summer,01.폭행(assult)/outsidedoor_08/406-6
406-6_cam02_assault01_place03_day_spring,01.폭행(assult)/outsidedoor_08/406-6
406-6_cam02_assault01_place03_day_summer,01.폭행(assult)/outsidedoor_08/406-6
42-1_cam01_assault01_place09_night_summer,01.폭행(assult)/outsidedoor_08/42-1
42-1_cam02_assault01_place09_night_summer,01.폭행(assult)/outsidedoor_08/42-1
42-6_cam01_assault01_place09_night_spring,01.폭행(assult)/outsidedoor_08/42-6
43-1_cam01_assault04_place07_night_spring,01.폭행(assult)/outsidedoor_08/43-1
43-1_cam02_assault04_place07_night_spring,01.폭행(assult)/outsidedoor_08/43-1
453-2_cam01_assault01_place01_day_spring,01.폭행(assult)/outsidedoor_08/453-2
453-2_cam01_assault01_place01_day_summer,01.폭행(assult)/outsidedoor_08/453-2
453-2_cam02_assault01_place01_day_summer,01.폭행(assult)/outsidedoor_08/453-2
453-4_cam02_assault01_place01_day_summer,01.폭행(assult)/outsidedoor_08/453-4
5-1_cam01_assault01_place08_day_summer,01.폭행(assult)/outsidedoor_08/5-1
5-1_cam02_assault01_place08_day_spring,01.폭행(assult)/outsidedoor_08/5-1
5-1_cam02_assault01_place08_day_summer,01.폭행(assult)/outsidedoor_08/5-1
5-2_cam01_assault01_place08_day_summer,01.폭행(assult)/outsidedoor_08/5-2
5-2_cam02_assault01_place08_day_summer,01.폭행(assult)/outsidedoor_08/5-2
5-3_cam01_assault01_place08_day_spring,01.폭행(assult)/outsidedoor_08/5-3
5-3_cam01_assault01_place08_day_summer,01.폭행(assult)/outsidedoor_08/5-3
5-4_cam01_assault01_place08_day_spring,01.폭행(assult)/outsidedoor_08/5-4
5-4_cam02_assault01_place08_day_spring,01.폭행(assult)/outsidedoor_08/5-4
5-4_cam02_assault01_place08_day_summer,01.폭행(assult)/outsidedoor_08/5-4
5-5_cam01_assault01_place08_day_spring,01.폭행(assult)/outsidedoor_08/5-5
5-5_cam01_assault01_place08_day_summer,01.폭행(assult)/outsidedoor_08/5-5
5-5_cam02_assault01_place08_day_spring,01.폭행(assult)/outsidedoor_08/5-5
7-2_cam01_assault01_place04_day_summer,01.폭행(assult)/outsidedoor_08/7-2
7-3_cam01_assault01_place04_day_spring,01.폭행(assult)/outsidedoor_08/7-3
7-3_cam01_assault01_place04_day_summer,01.폭행(assult)/outsidedoor_08/7-3
7-3_cam02_assault01_place04_day_summer,01.폭행(assult)/outsidedoor_08/7-3
7-4_cam01_assault01_place04_day_spring,01.폭행(assult)/outsidedoor_09/7-4
7-4_cam01_assault01_place04_day_summer,01.폭행(assult)/outsidedoor_09/7-4
7-4_cam02_assault01_place04_day_spring,01.폭행(assult)/outsidedoor_09/7-4
7-4_cam02_assault01_place04_day_summer,01.폭행(assult)/outsidedoor_09/7-4
7-5_cam01_assault01_place04_day_spring,01.폭행(assult)/outsidedoor_09/7-5
7-5_cam01_assault01_place04_day_summer,01.폭행(assult)/outsidedoor_09/7-5
7-5_cam02_assault01_place04_day_spring,01.폭행(assult)/outsidedoor_09/7-5
7-5_cam02_assault01_place04_day_summer,01.폭행(assult)/outsidedoor_09/7-5
7-6_cam01_assault01_place04_day_spring,01.폭행(assult)/outsidedoor_09/7-6
7-6_cam01_assault01_place04_day_summer,01.폭행(assult)/outsidedoor_09/7-6
7-6_cam02_assault01_place04_day_spring,01.폭행(assult)/outsidedoor_09/7-6
7-6_cam02_assault01_place04_day_summer,01.폭행(assult)/outsidedoor_09/7-6
8-1_cam01_assault03_place05_day_summer,01.폭행(assult)/outsidedoor_09/8-1
8-1_cam02_assault03_place05_day_spring,01.폭행(assult)/outsidedoor_09/8-1
8-1_cam02_assault03_place05_day_summer,01.폭행(assult)/outsidedoor_09/8-1
8-2_cam01_assault03_place05_day_spring,01.폭행(assult)/outsidedoor_09/8-2
8-2_cam01_assault03_place05_day_summer,01.폭행(assult)/outsidedoor_09/8-2
8-2_cam02_assault03_place05_day_spring,01.폭행(assult)/outsidedoor_09/8-2
8-2_cam02_assault03_place05_day_summer,01.폭행(assult)/outsidedoor_09/8-2
8-3_cam01_assault03_place05_day_spring,01.폭행(assult)/outsidedoor_09/8-3
8-3_cam01_assault03_place05_day_summer,01.폭행(assult)/outsidedoor_09/8-3
8-3_cam02_assault03_place05_day_spring,01.폭행(assult)/outsidedoor_09/8-3
8-3_cam02_assault03_place05_day_summer,01.폭행(assult)/outsidedoor_09/8-3
8-4_cam01_assault03_place05_day_spring,01.폭행(assult)/outsidedoor_09/8-4
8-4_cam02_assault03_place05_day_spring,01.폭행(assult)/outsidedoor_09/8-4
8-4_cam02_assault03_place05_day_summer,01.폭행(assult)/outsidedoor_09/8-4
8-5_cam01_assault03_place05_day_spring,01.폭행(assult)/outsidedoor_09/8-5
8-5_cam01_assault03_place05_day_summer,01.폭행(assult)/outsidedoor_09/8-5
8-6_cam02_assault03_place05_day_spring,01.폭행(assult)/outsidedoor_09/8-6
8-6_cam02_assault03_place05_day_summer,01.폭행(assult)/outsidedoor_09/8-6
144-2_cam01_wander03_place01_night_spring,06.배회(wander)/inside_croki_01/144-2
144-2_cam01_wander03_place01_night_summer,06.배회(wander)/inside_croki_01/144-2
144-2_cam01_wander03_place01_night_winter,06.배회(wander)/inside_croki_01/144-2
144-2_cam02_wander03_place01_night_spring,06.배회(wander)/inside_croki_01/144-2
144-2_cam02_wander03_place01_night_summer,06.배회(wander)/inside_croki_01/144-2
144-2_cam02_wander03_place01_night_winter,06.배회(wander)/inside_croki_01/144-2
144-2_cam03_wander03_place01_night_spring,06.배회(wander)/inside_croki_01/144-2
144-2_cam03_wander03_place01_night_summer,06.배회(wander)/inside_croki_01/144-2
144-2_cam03_wander03_place01_night_winter,06.배회(wander)/inside_croki_01/144-2
144-3_cam01_wander03_place01_night_spring,06.배회(wander)/inside_croki_01/144-3
144-3_cam01_wander03_place01_night_summer,06.배회(wander)/inside_croki_01/144-3
144-3_cam01_wander03_place01_night_winter,06.배회(wander)/inside_croki_01/144-3
144-3_cam02_wander03_place01_night_spring,06.배회(wander)/inside_croki_01/144-3
144-3_cam02_wander03_place01_night_summer,06.배회(wander)/inside_croki_01/144-3
144-3_cam02_wander03_place01_night_winter,06.배회(wander)/inside_croki_01/144-3
144-3_cam03_wander03_place01_night_spring,06.배회(wander)/inside_croki_01/144-3
144-3_cam03_wander03_place01_night_summer,06.배회(wander)/inside_croki_01/144-3
144-3_cam03_wander03_place01_night_winter,06.배회(wander)/inside_croki_01/144-3
144-4_cam01_wander03_place01_night_spring,06.배회(wander)/inside_croki_01/144-4
144-4_cam01_wander03_place01_night_summer,06.배회(wander)/inside_croki_01/144-4
144-4_cam01_wander03_place01_night_winter,06.배회(wander)/inside_croki_01/144-4
144-4_cam02_wander03_place01_night_spring,06.배회(wander)/inside_croki_01/144-4
144-4_cam02_wander03_place01_night_summer,06.배회(wander)/inside_croki_01/144-4
144-4_cam02_wander03_place01_night_winter,06.배회(wander)/inside_croki_01/144-4
144-4_cam03_wander03_place01_night_spring,06.배회(wander)/inside_croki_01/144-4
144-4_cam03_wander03_place01_night_summer,06.배회(wander)/inside_croki_01/144-4
144-4_cam03_wander03_place01_night_winter,06.배회(wander)/inside_croki_01/144-4
144-5_cam01_wander03_place01_night_spring,06.배회(wander)/inside_croki_01/144-5
144-5_cam01_wander03_place01_night_summer,06.배회(wander)/inside_croki_01/144-5
144-5_cam01_wander03_place01_night_winter,06.배회(wander)/inside_croki_01/144-5
144-5_cam02_wander03_place01_night_spring,06.배회(wander)/inside_croki_01/144-5
144-5_cam02_wander03_place01_night_summer,06.배회(wander)/inside_croki_01/144-5
144-5_cam02_wander03_place01_night_winter,06.배회(wander)/inside_croki_01/144-5
144-5_cam03_wander03_place01_night_spring,06.배회(wander)/inside_croki_01/144-5
144-5_cam03_wander03_place01_night_summer,06.배회(wander)/inside_croki_01/144-5
144-5_cam03_wander03_place01_night_winter,06.배회(wander)/inside_croki_01/144-5
144-6_cam01_wander03_place01_night_spring,06.배회(wander)/inside_croki_01/144-6
144-6_cam01_wander03_place01_night_summer,06.배회(wander)/inside_croki_01/144-6
144-6_cam01_wander03_place01_night_winter,06.배회(wander)/inside_croki_01/144-6
144-6_cam02_wander03_place01_night_spring,06.배회(wander)/inside_croki_01/144-6
144-6_cam02_wander03_place01_night_summer,06.배회(wander)/inside_croki_01/144-6
144-6_cam02_wander03_place01_night_winter,06.배회(wander)/inside_croki_01/144-6
144-6_cam03_wander03_place01_night_spring,06.배회(wander)/inside_croki_01/144-6
144-6_cam03_wander03_place01_night_summer,06.배회(wander)/inside_croki_01/144-6
144-6_cam03_wander03_place01_night_winter,06.배회(wander)/inside_croki_01/144-6
254-1_cam01_wander01_place09_day_spring,06.배회(wander)/inside_croki_01/254-1_wander01_place09_day
254-1_cam01_wander01_place09_day_summer,06.배회(wander)/inside_croki_01/254-1_wander01_place09_day
254-1_cam01_wander01_place09_day_winter,06.배회(wander)/inside_croki_01/254-1_wander01_place09_day
254-1_cam02_wander01_place09_day_spring,06.배회(wander)/inside_croki_01/254-1_wander01_place09_day
254-1_cam02_wander01_place09_day_summer,06.배회(wander)/inside_croki_01/254-1_wander01_place09_day
254-1_cam02_wander01_place09_day_winter,06.배회(wander)/inside_croki_01/254-1_wander01_place09_day
254-1_cam03_wander01_place09_day_spring,06.배회(wander)/inside_croki_01/254-1_wander01_place09_day
254-1_cam03_wander01_place09_day_summer,06.배회(wander)/inside_croki_01/254-1_wander01_place09_day
254-1_cam03_wander01_place09_day_winter,06.배회(wander)/inside_croki_01/254-1_wander01_place09_day
254-2_cam01_wander01_place09_day_spring,06.배회(wander)/inside_croki_01/254-2_wander01_place09_day
254-2_cam01_wander01_place09_day_summer,06.배회(wander)/inside_croki_01/254-2_wander01_place09_day
254-2_cam01_wander01_place09_day_winter,06.배회(wander)/inside_croki_01/254-2_wander01_place09_day
254-2_cam02_wander01_place09_day_spring,06.배회(wander)/inside_croki_01/254-2_wander01_place09_day
254-2_cam02_wander01_place09_day_summer,06.배회(wander)/inside_croki_01/254-2_wander01_place09_day
254-2_cam02_wander01_place09_day_winter,06.배회(wander)/inside_croki_01/254-2_wander01_place09_day
254-2_cam03_wander01_place09_day_spring,06.배회(wander)/inside_croki_01/254-2_wander01_place09_day
254-2_cam03_wander01_place09_day_summer,06.배회(wander)/inside_croki_01/254-2_wander01_place09_day
254-2_cam03_wander01_place09_day_winter,06.배회(wander)/inside_croki_01/254-2_wander01_place09_day
254-3_cam01_wander01_place09_day_spring,06.배회(wander)/inside_croki_01/254-3_wander01_place09_day
254-3_cam01_wander01_place09_day_summer,06.배회(wander)/inside_croki_01/254-3_wander01_place09_day
254-3_cam01_wander01_place09_day_winter,06.배회(wander)/inside_croki_01/254-3_wander01_place09_day
254-3_cam02_wander01_place09_day_spring,06.배회(wander)/inside_croki_01/254-3_wander01_place09_day
254-3_cam02_wander01_place09_day_winter,06.배회(wander)/inside_croki_01/254-3_wander01_place09_day
254-3_cam03_wander01_place09_day_spring,06.배회(wander)/inside_croki_01/254-3_wander01_place09_day
254-3_cam03_wander01_place09_day_summer,06.배회(wander)/inside_croki_01/254-3_wander01_place09_day
254-3_cam03_wander01_place09_day_winter,06.배회(wander)/inside_croki_01/254-3_wander01_place09_day
